reference,description,cost,units
71T5590B,บานพับทับขอบ ถ้วยแบบ INSERTA เปิด 120องศา หน้าบานหนา 6หุน,85.00,ตัว
71T9790B,บานพับในขอบ ถ้วยแบบ INSERTA เปิด 100องศา หน้าบานหนา 1นิ้ว,112.00,ตัว
71T7500B,บานพับทับขอบ ถ้วยแบบ SCREW-ON เปิด 155องศา หน้าบานหนา 6หุน,235.00,ตัว
955.1004,ตัวกดกระเด้งใช้กับพับ แบบเจาะฝัง (Ø 10มม. เจาะลึก 50มม.) ใช้ได้กับบานพับไม่มีสปริงเท่านั้น,229.00,ชุด
70M2550.TL,บานพับทับขอบ ถ้วยแบบ SCREW-ON ไม่มีสปริง เปิด 100องศา (ใช้กับตัวกดกระเด้ง),52.00,ตัว
177H5100,ตัวหนุนขาพับแบบตรง มีปุ๊ก Ø 10มม. และสกรู สามารถปรับได้ ขนาด 0มม.,31.00,ตัว
70.1503,ฝาปิดขาบานพับ ทำด้วยโลหะสีเงิน ใช้กับบานพับรุ่น CLIP top ,4.75,ตัว
70T1504,ฝาครอบถ้วยบานพับ ทำด้วยโลหะสีเงิน ใช้กับบานพับรุ่น CLIP top ,6.75,ตัว
80.6507,ฝาปิดขาบานพับ ทำด้วยโลหะสีเงิน ใช้กับบานพับฯ 155/170องศา,4.25,ตัว
560H4000B,รางฯสองตอน ยาว 40ซม/16นิ้ว          (ซ้าย/ขวา) มี BLUEMOTION พร้อมตัวล็อกกล่องลิ้นชักสีส้ม,"1,091.00",ชุด
560H4500B,รางฯสองตอน ยาว 45ซม/18นิ้ว          (ซ้าย/ขวา) มี BLUEMOTION พร้อมตัวล็อกกล่องลิ้นชักสีส้ม,"1,101.00",ชุด
560H4500C,รางฯสองตอน ยาว 45ซม/18นิ้ว          (ซ้าย/ขวา) ไม่มี BLUEMOTION พร้อมตัวล็อกกล่องลิ้นชักสีส้ม,781.00,ชุด
T55.7151L/R,TIP-ON อุปกรณ์กดกระเด้ง ด้ายซ้าย/ขวาใช้กับราง 550Hxxxxc เท่านั้น                              2x199 =,398.00,คู่
T51.1700.04L/R,ตัวล็อกกล่องลิ้นชักสีส้ม ด้านซ้าย/ขวา                                                                                   2x36 =,72.00,คู่
993.0830.01,ปุ่มเว้นระยะติดหน้าบาน Ø 8มม,29.00,อัน
Z10A3000.01,ตัดกดกระเด้งใช้ไฟฟ้า,"3,190.00",อัน
Z10D01EA,ตัวยึดแผ่นอะลูมิเนี้ยยึดหลังตู้/พื้นตู้ พร้อมฝาปิด,199.00,ชุด
Z10T770AA,แผ่นอลูมิเนียมใช้ติดตัวกดกระเด้งยาว 77ซม พร้อมสายไฟ (ตัดได้),"1,669.00",อัน
Z10K1HMA,สายไฟสีดำ (ยาวม้วนละ 100ม),129.00,ม.
Z10M200E,ปลั๊กไฟ 2ขา พร้อมสายไฟยาว 20ซม,299.00,อัน
Z10NE050.01,หม้อแปลง INPUT VOLTAGE 100-240VAC/OUTPUT VOLAGATE 24VAC,"5,299.00",อัน
Z10NG100,กล่องเก็บหม้อแปลงยึดติดหลังตู้,299.00,อัน
Z10V1000,ตัวเชื่อมต่อสายไฟ,219.00,อัน
Z10K0009,ตัวเก็บสายไฟ,39.00,อัน
Z10K0008,ตัวปิดสายไฟ,19.00,อัน
Z10K120S,สายเชื่อมต่อตัวกดกระเด้ง,419.00,อัน
20K2901,อุปกรณ์ยกหน้าบาน [ค่าPower Factor = 3200-9000],"1,459.00",อัน
20K8001L,ฝาครอบ สีเทา ด้านซ้าย,89.00,อัน
20K8001R,ฝาครอบ สีเทา ด้านขวา,89.00,อัน
20K9001,ฝาปิดวงรี สีเทา,19.00,อัน
20S4201,ตัวยึดหน้าบาน ใช้กับหน้าบานไม้ และเฟรม อลูมิเนียมเฟรมใหญ่,60.00,อัน
71T9550,บานพับทับขอบ ถ้วยแบบ SCREW-ON เปิด 100องศา หน้าบานหนา 1นิ้ว,85.00,ตัว
71T9650,บานพับครึ่งขอบ ถ้วยแบบ SCREW-ON เปิด 100องศา หน้าบานหนา 1นิ้ว,86.00,ตัว
71T9750,บานพับในขอบ ถ้วยแบบ SCREW-ON เปิด 100องศา หน้าบานหนา 1นิ้ว,87.00,ตัว
71T9590B,บานพับทับขอบ ถ้วยแบบ INSERTA เปิด 100องศา หน้าบานหนา 1นิ้ว,110.00,ตัว
71T9690B,บานพับครึ่งขอบ ถ้วยแบบ INSERTA เปิด 100องศา หน้าบานหนา 1นิ้ว,111.00,ตัว
71T9790B,บานพับในขอบ ถ้วยแบบ INSERTA เปิด 100องศา หน้าบานหนา 1นิ้ว,112.00,ตัว
71T5550,บานพับทับขอบ ถ้วยแบบ SCREW-ON เปิด 120องศา หน้าบานหนา 6หุน,63.00,ตัว
71T5590B,บานพับทับขอบ ถ้วยแบบ INSERTA เปิด 120องศา หน้าบานหนา 6หุน,85.00,ตัว
75T1550,บานพับทับขอบ ถ้วยแบบ SCREW-ON เปิด 107องศา หน้าบานหนา 6หุน,54.00,ตัว
75T158E,บานพับทับขอบ ถ้วยแบบ EXPANDO มีปุ๊กและสกรู เปิด 107องศา หน้าบานหนา 6 หุน,58.00,ตัว
79T8500,บานพับสำหรับบานต่อเนื่อง ถ้วยแบบ SCREW-ON เปิด 60องศา หน้าบานหนา 6หุน,170.00,ตัว
71T7500B,บานพับทับขอบ ถ้วยแบบ SCREW-ON เปิด 155องศา หน้าบานหนา 6หุน,235.00,ตัว
71T950A,บานพับทับขอบใช้กับเฟรมอลูมิเนียมเฟรมเล็ก เปิด 100องศา,110.00,ตัว
79T9550,บานพับทับขอบมุมลับ/blind corner ถ้วยแบบ SCREW-ON เปิด 95องศา หน้าบานหนา 6 หุน,129.00,ตัว
173L6130,ตัวหนุนขาบานพับแบบปีก สามารถปรับได้ ขนาด 0มม.,10.00,ตัว
79A9557.T,บานพับทับขอบเข้ามุม 37องศา ถ้วยแบบ SCREW-ON เปิด 95องศา หน้าบานหนา 6หุน,129.00,ตัว
90M2203,ฝาบิดขาบานพับพลาสติกสีดำ,3.00,ตัว
71M2590B,บานพับทับขอบ ถ้วยแบบ INSERTA เปิด 100องศา หน้าบานหนา 6หุน,69.00,ตัว
71M2690B,บานพับครึ่งขอบ ถ้วยแบบ INSERTA เปิด 100องศา หน้าบานหนา 6หุน,70.00,ตัว
71M2550,บานพับทับขอบ ถ้วยแบบ SCREW-ON เปิด 100องศา หน้าบานหนา 6หุน,52.00,ตัว
71M2650,บานพับครึ่งขอบ ถ้วยแบบ SCREW-ON เปิด 100องศา หน้าบานหนา 6หุน,53.00,ตัว
71M2750,บานพับในขอบ ถ้วยแบบ SCREW-ON เปิด 100องศา หน้าบานหนา 6หุน,54.00,ตัว
71M258E,บานพับทับขอบ ถ้วยแบบ EXPANDO เปิด 100องศา หน้าบานหนา 6หุน,54.00,ตัว
71M268E,บานพับครึ่งขอบ ถ้วยแบบ EXPANDO เปิด 100องศา หน้าบานหนา 6หุน,55.00,ตัว
71M278E,บานพับในขอบ ถ้วยแบบ EXPANDO เปิด 100องศา หน้าบานหนา 6หุน,56.00,ตัว
71.655,บานพับทับขอบ ถ้วยแบบ SCREW-ON เปิด 170องศา หน้าบานหนา 6หุน,125.00,ตัว
80.6107,ฝาปิดขาบานพับพลาสติกสีดำ,3.50,ตัว
79A9658,บานพับทับขอบเข้ามุม 45องศา ถ้วยแบบ SCREW-ON เปิด 95องศา หน้าบานหนา 6หุน,129.00,ตัว
90M2203,ฝาปิดขาบานพับพลาสติกสีดำ,3.00,ตัว
75T4100,บานพับกระจกทับขอบ รุ่น CLIP top เปิด 94องศา,118.00,ตัว
75T4300,บานพับกระจกในขอบ รุ่น CLIP top เปิด 94องศา,120.00,ตัว
*95M4100,บานพับกระจกในขอบ รุ่น MODUL เปิด 94องศา,67.00,ตัว
84.412CRP,แป้นหน้ากระจก สีเงินเงา ครึ่งวงรี,54.00,อัน
84.414CRP,แป้นหน้ากระจก สีเงินเงา วงกลม,54.00,อัน
84.415CRP,แป้นหน้ากระจก สีเงินเงา วงรี,54.00,อัน
84.412G,แป้นหน้ากระจก สีทองเงา ครึ่งวงรี,69.00,อัน
84.414G,แป้นหน้ากระจก สีทองเงา วงกลม,69.00,อัน
84.415G,แป้นหน้ากระจก สีทองเงา วงรี,69.00,อัน
79C4500BT,บานพับกระจก เปิด 125องศา ใช้กับกระจกหนา 6-10มม.,307.00,ตัว
78C4568,แป้นติดกระจก ขนาด 28x60มม.,173.00,ตัว
173L6100,ตัวหนุนขาบานพับแบบปีก สามารถปรับได้ ขนาด 0มม.,8.00,ตัว
173L6130,ตัวหนุนขาบานพับแบบปีก สามารถปรับได้ ขนาด 3มม.,10.00,ตัว
173L8300,ตัวหนุนขาบานพับแบบปีก สามารถปรับได้ ขนาด 0มม. (ระยะรูเจาะ 28/32มม.),15.00,ตัว
173L8330,ตัวหนุนขาบานพับแบบปีก สามารถปรับได้ ขนาด 3มม. (ระยะรูเจาะ 28/32มม.),16.50,ตัว
174E6100.01,ตัวหนุนขาบานพับแบบปีก มีปุ๊กและสกรูในตัว สามารถปรับได้ ขนาด 0มม.,13.50,ตัว
175H7100,ตัวหนุนขาบานพับแบบปีก แบบสองชั้น สามารถปรับได้ ขนาด 0มม.,29.00,ตัว
177H5100,ตัวหนุนขาพับแบบตรง มีปุ๊ก Ø 10มม. และสกรู สามารถปรับได้ ขนาด 0มม.,31.00,ตัว
9M2550,บานพับทับขอบ ถ้วยแบบ SCREW-ON เปิด 100องศา หน้าบานหนา 6หุน,31.00,ตัว
91M2650,บานพับครึ่งขอบ ถ้วยแบบ SCREW-ON เปิด 100องศา หน้าบานหนา 6หุน,32.00,ตัว
91M2750,บานพับในขอบ ถ้วยแบบ SCREW-ON เปิด 100องศา หน้าบานหนา 6หุน,33.00,ตัว
91M9550,บานพับทับขอบ ถ้วยแบบ SCREW-ON เปิด 100องศา หน้าบานหนา 1นิ้ว,68.00,ตัว
91M9650,บานพับครึ่งขอบ ถ้วยแบบ SCREW-ON เปิด 100องศา หน้าบานหนา 1 นิ้ว,69.00,ตัว
91M9750,บานพับในขอบ ถ้วยแบบ SCREW-ON เปิด 100องศา หน้าบานหนา 1นิ้ว,70.00,ตัว
*91M0550,บานพับทับขอบ ถ้วยแบบ SCREW-ON Ø 26มม. เปิด 100องศา,70.00,ตัว
91A6550,บานพับทับขอบ ถ้วยแบบ SCREW-ON เปิด 170องศา หน้าบานหนา 6 หุน,91.50,ตัว
80.6107,ฝาปิดขาบานพับพลาสติกสีดำ,3.50,ตัว
193L6100,ตัวหนุนขาบานพับแบบปีก สามารถปรับได้ ขนาด 0มม.,10.00,ตัว
193L6130,ตัวหนุนขาบานพับแบบปีก สามารถปรับได้ ขนาด 3มม.,11.00,ตัว
*194E6100,ตัวหนุนขาบานพับแบบปีกมีปุ๊กและสกูรในตัว สามารถปรับได้ ขนาด 0มม.,13.75,ตัว
*194E6130,ตัวหนุนขาบานพับแบบปีกมีปุ๊กและสกูรในตัว สามารถปรับได้ ขนาด 3มม.,15.25,ตัว
*195.5130,ตัวหนุนขาบานพับตรง ขนาด 3มม.,10.00,ตัว
*199.8130,ตัวหนุนขาบานพับแบบปีกพร้อมยูโรสกูร สามารถปรับได้ ขนาด 3มม. (ใช้กับบานพับ 99M9550),39.00,ตัว
70.1503,ฝาปิดขาบานพับ ทำด้วยโลหะสีเงิน ใช้กับบานพับรุ่น CLIP top ,4.75,ตัว
70T1504,ฝาครอบถ้วยบานพับ ทำด้วยโลหะสีเงิน ใช้กับบานพับรุ่น CLIP top ,5.75,ตัว
80.6507,ฝาปิดขาบานพับ ทำด้วยโลหะสีเงิน ใช้กับบานพับฯ 155/170องศา,4.25,ตัว
90M2503,ฝาปิดขาบานพับ ทำด้วยโลหะสีเงิน ทับขอบ บาน 100,3.75,ตัว
90M2503.BP,"ฝาปิดขาบานพับ ทำด้วยโลหะสีเงิน มีโลโก้ ""blum""",3.75,ตัว
90M2603,ฝาปิดขาบานพับ ทำด้วยโลหะสีเงิน ,3.75,ตัว
94M3603,ฝาปิดขาบานพับ ทำด้วยโลหะสีเงิน ครึ่งขอบ / ในขอบ บาน 100,3.75,ตัว
80.6107,ฝาปิดขาบานพับ ทำด้วยพลาสติกสีดำ ใช้กับบานพับฯ 155/170องศา,3.50,ตัว
90M2103,ฝาปิดขาบานพับ ทำด้วยโลหะสีดำ,3.00,ตัว
90M2203,ฝาปิดขาบานพับ ทำด้วยโลหะสีดำ,3.00,ตัว
94M3203,ฝาปิดขาบานพับ ทำด้วยโลหะสีดำ,3.00,ตัว
970.1002,ปุ่มกันชนหน้าบานสีเทา แบบเจาะฝัง (Ø 10มม. เจาะลึก 50 มม.),99.00,ตัว
970A1002,ปุ่มกันชนหน้าบานสีเทา แบบเจาะฝัง (Ø 10มม. เจาะลึก 50 มม.),99.00,ตัว
970.1501,ปีกใส่ปุ่มกันชนสีเทา,9.50,ตัว
970.1201,ปีกใส่ปุ่มกันชนสีเทา แบบขาตรง,12.50,ตัว
971A2500,ปุ่มกันชนหน้าบานแบบติดข้างตู้ สามารถปรับแข็ง-อ่อนได้ (ติดระยะเดียวกับตัวหนุนฯ),125.00,ตัว
973A0500.01,ปุ่มกันชนหน้าบานแบบสวมติดกับบานพับ ใช้กับบานพับรุ่น CLIP top บานทับขอบ,99.00,ตัว
973A0600,ปุ่มกันชนหน้าบานแบบสวมติดกับบานพับ ใช้กับบานพับรุ่น CLIP top บานครึ่งขอบ,100.00,ตัว
973A0700,ปุ่มกันชนหน้าบานแบบสวมติดกับบานพับ ใช้กับบานพับรุ่น CLIP top บานในขอบ,101.00,ตัว
65.059,อุปกรณ์ทาบระยะเจาะรูถ้วยบานพับ/รูตัวหนุนขาบานพับ (Pre-Drill),990.00,อัน
65.5,อุปกรณ์ทาบเจาะรูปุ่มกันชนหน้าบาน รุ่น 970.1002,"2,990.00",อัน
65.501,อุปกรณ์ทาบเจาะรูปุ่มกันชนหน้าบาน รุ่น 970A1002,"1,000.00",อัน
65.33,"อุปกรณ์ทาบระยะติดตั้งรางลิ้นชัก (ใช้กับรางปรับได้ 230M,430E และ Metabox)",609.00,อัน
T65.5000.01,อุปกรณ์ทาบระยะติดตั้งรางลิ้นชัก (ใช้กับราง TANDEM และ TANDEMBOX),"13,000.00",อัน
955.1004,ตัวกดกระเด้งใช้กับพับ แบบเจาะฝัง (Ø 10มม. เจาะลึก 50มม.) ใช้ได้กับบานพับไม่มีสปริงเท่านั้น,229.00,ชุด
955A1004,ตัวกดกระเด้งใช้กับพับ แบบเจาะฝัง (Ø 10มม. เจาะลึก 76มม.) ใช้ได้กับบานพับไม่มีสปริงเท่านั้น,269.00,ชุด
955.1201,ปีกใส่ตัวกดกระเด้ง แบบขาตรง ทำด้วยไนลอนสีเทา,79.00,อัน
955.1501,ปีกใส่ตัวกดกระเด้ง ทำด้วยไนลอนสีเทา,69.00,อัน
70M2550.TL,บานพับทับขอบ ถ้วยแบบ SCREW-ON ไม่มีสปริง เปิด 100องศา (ใช้กับตัวกดกระเด้ง),52.00,ตัว
230M3000,รางลิ้นชักรับใต้ตอนเดียวเคลือบอิพ๊อกซี่สีครีม ยาว 30ซม./12นิ้ว,149.00,ชุด
230M3500,รางลิ้นชักรับใต้ตอนเดียวเคลือบอิพ๊อกซี่สีครีม ยาว 35ซม./14นิ้ว,149.00,ชุด
230M4000,รางลิ้นชักรับใต้ตอนเดียวเคลือบอิพ๊อกซี่สีครีม ยาว 40ซม./16นิ้ว,155.00,ชุด
230M4500,รางลิ้นชักรับใต้ตอนเดียวเคลือบอิพ๊อกซี่สีครีม ยาว 45ซม./18นิ้ว,159.00,ชุด
230M5000,รางลิ้นชักรับใต้ตอนเดียวเคลือบอิพ๊อกซี่สีครีม ยาว 50ซม./20นิ้ว,165.00,ชุด
230M5500,รางลิ้นชักรับใต้ตอนเดียวเคลือบอิพ๊อกซี่สีครีม ยาว 55ซม./22นิ้ว,189.00,ชุด
296.45,เหล็กฉากยึดหน้าบานเคลือบอิพ๊อกซี่สีครีม ด้านซ้าย/ขวา,309.00,ชุด
430E3500V,รางลิ้นชักสองตอนรับใต้เคลือบอิพ๊อกซี่สีครีม ยาว 35ซม./14นิ้ว,679.00,ชุด
430E4000V,รางลิ้นชักสองตอนรับใต้เคลือบอิพ๊อกซี่สีครีม ยาว 40ซม./16นิ้ว,689.00,ชุด
430E4500V,รางลิ้นชักสองตอนรับใต้เคลือบอิพ๊อกซี่สีครีม ยาว 45ซม./18นิ้ว,709.00,ชุด
430E5000V,รางลิ้นชักสองตอนรับใต้เคลือบอิพ๊อกซี่สีครีม ยาว 50ซม./20นิ้ว,729.00,ชุด
270E4500.02,รางเลื่อนแบบซ่อนเก็บหน้าบานได้ ด้านซ้าย ยาว 45ซม./18นิ้ว,"1,145.00",ข้าง
270E4500.03,รางเลื่อนแบบซ่อนเก็บหน้าบานได้ ด้านขวา ยาว 45ซม./18นิ้ว,"1,145.00",ข้าง
270E5000.02,รางเลื่อนแบบซ่อนเก็บหน้าบานได้ ด้านซ้าย ยาว 50ซม./20นิ้ว,"1,150.00",ข้าง
270E5000.03,รางเลื่อนแบบซ่อนเก็บหน้าบานได้ ด้านขวา ยาว 50ซม./20นิ้ว,"1,150.00",ข้าง
270E5500.02,รางเลื่อนแบบซ่อนเก็บหน้าบานได้ ด้านซ้าย ยาว 55ซม./22นิ้ว,"1,155.00",ข้าง
270E5500.03,รางเลื่อนแบบซ่อนเก็บหน้าบานได้ ด้านขวา ยาว 55ซม./22นิ้ว,"1,155.00",ข้าง
270E6000.02,รางเลื่อนแบบซ่อนเก็บหน้าบานได้ ด้านซ้าย ยาว 60ซม./24นิ้ว,"1,160.00",ข้าง
270E6000.03,รางเลื่อนแบบซ่อนเก็บหน้าบานได้ ด้านขวา ยาว 60ซม./24นิ้ว,"1,160.00",ข้าง
48N0510.02,ตัวแขวนตู้ลอยทำด้วยไนลอนสีครีม ด้านขวา,55.00,อัน
48N0510.03,ตัวแขวนตู้ลอยทำด้วยไนลอนสีครีม ด้านซ้าย,55.00,อัน
BC090,แผ่นเหล็กใช้แขวนตัวแขวนตู้,6.50,อัน
42.0700.01,อุปกรณ์แยกชิ้นส่วนสีน้ำตาล  Ø 25มม. พร้อมเดือยเหล็ก M5 ยาว 27มม.,14.00,ชุด
42.0110.01,อุปกรณ์แยกชิ้นส่วนสีครีม Ø 25มม.,9.00,ตัว
42.072,เดือยเหล็ก M5 ยาว 27มม.,5.00,ตัว
*40.4001B,อุปกรณ์แยกชิ้นส่วนสีน้ำตาล  Ø 28มม. (รับชั้น),5.00,ตัว
*41.5400B,ผ้าปิดพลาสติกสีน้ำตาล,2.00,ตัว
*653.1450,เดือยเหล็ก M6 ยาว 14.50มม.,8.50,ตัว
*41.1100,ปุ๊กไนลอน Ø 10มม. ยาว 11.50มม.,2.00,ตัว
*46.1100,ขาตู้ปรับระดับได้ สูง 10ซม. พร้อมกับ 46.1004 CLIP และ 46.1005 PLATE,50.00,ชุด
295.1,ตัวปรับหน้าบานลิ้นชักแบบเจาะฝัง Ø 20มม. (ไม่รวมสกูร),17.00,อัน
*320M0048,ตัวเสริมพลาสติกสีครีมหนา 4มม. ใช้หนุนรางลิ้นชัก,8.75,อัน
298.22,ตัวป้องกันหน้าบานใช้กับลิ้นชักแบบ Pull-out Surround (สินค้าสั่งพิเศษ),135.00,อัน
661.1150.HG,สกูรยึดรางลิ้นชัก รู Ø 6มม. หัวสกูร Ø 8มม. ยาว 11.50มม.,1.75,ตัว
662.1150.HG,สกูรยึดรางลิ้นชัก รู Ø 6มม. หัวสกูร Ø 7มม. ยาว 11.50มม.,1.75,ตัว
320M2700C,รางฯตอนเดียวพร้อมข้างลิ้นชักสีครีม ยาว 27ซม./10.50นิ้ว (ซ้าย/ขวา)         พร้อมตัวยึดฯ และฝาปิด,367.00,ชุด
320M3500C,รางฯตอนเดียวพร้อมข้างลิ้นชักสีครีม ยาว 35ซม./14นิ้ว (ซ้าย/ขวา)              พร้อมตัวยึดฯ และฝาปิด,367.00,ชุด
320M4000C,รางฯตอนเดียวพร้อมข้างลิ้นชักสีครีม ยาว 40ซม./16นิ้ว (ซ้าย/ขวา)              พร้อมตัวยึดฯ และฝาปิด,373.00,ชุด
320M4500C,รางฯตอนเดียวพร้อมข้างลิ้นชักสีครีม ยาว 45ซม./18นิ้ว (ซ้าย/ขวา)              พร้อมตัวยึดฯ และฝาปิด,383.00,ชุด
320M5000C,รางฯตอนเดียวพร้อมข้างลิ้นชักสีครีม ยาว 50ซม./20นิ้ว (ซ้าย/ขวา)               พร้อมตัวยึดฯ และฝาปิด,388.00,ชุด
320M5000C.WA,รางฯตอนเดียวพร้อมข้างลิ้นชักสีเทา  ยาว 50ซม./20นิ้ว (ซ้าย/ขวา)          พร้อมตัวยึดฯ และฝาปิด,406.00,ชุด
320M2700C+IN,รางฯตอนเดียวพร้อมข้างลิ้นชักสีครีม ยาว 27ซม./10.50นิ้ว (ซ้าย/ขวา)         พร้อมตัวยึดฯ ,413.00,ชุด
320M3500C+IN,รางฯตอนเดียวพร้อมข้างลิ้นชักสีครีม ยาว 35ซม./14นิ้ว (ซ้าย/ขวา)              พร้อมตัวยึดฯ ,413.00,ชุด
320M4000C+IN,รางฯตอนเดียวพร้อมข้างลิ้นชักสีครีม ยาว 40ซม./16นิ้ว (ซ้าย/ขวา)              พร้อมตัวยึดฯ ,419.00,ชุด
320M4500C+IN,รางฯตอนเดียวพร้อมข้างลิ้นชักสีครีม ยาว 45ซม./18นิ้ว (ซ้าย/ขวา)              พร้อมตัวยึดฯ ,429.00,ชุด
320M5000C+IN,รางฯตอนเดียวพร้อมข้างลิ้นชักสีครีม ยาว 50ซม./20นิ้ว (ซ้าย/ขวา)               พร้อมตัวยึดฯ ,434.00,ชุด
320N4500C,รางลิ้นชักตอนเดียวพร้อมข้างลิ้นชักสีครีม ยาว 45ซม./18นิ้ว (ซ้าย/ขวา)              พร้อมตัวยึดฯ ,495.00,ชุด
320N5000C,รางลิ้นชักตอนเดียวพร้อมข้างลิ้นชักสีครีม ยาว 50ซม./20นิ้ว (ซ้าย/ขวา)              พร้อมตัวยึดฯ ,505.00,ชุด
320N4500C+IN,รางลิ้นชักตอนเดียวพร้อมข้างลิ้นชักสีครีม ยาว 45ซม./18นิ้ว (ซ้าย/ขวา)              พร้อมตัวยึดฯ ,471.00,ชุด
320N5000C+IN,รางลิ้นชักตอนเดียวพร้อมข้างลิ้นชักสีครีม ยาว 50ซม./20นิ้ว (ซ้าย/ขวา)              พร้อมตัวยึดฯ ,481.00,ชุด
ZSF.1510.04/ZSF.1510.05,ตัวยึดหน้าบานทำด้วยเหล็กชุบนิกเกิล ด้านขวา/ซ้ายใช้กับ 320N                         2x77 = ,154.00,คู่
ZSF.1700.04/ZSF.1700.05,ตัวยึดหน้าบานทำด้วยเหล็กชุบนิกเกิล ด้านขวา/ซ้ายใช้กับ 320M                     2x77 = ,54.00,คู่
ZIF.3000.02/ZIF.3000.03,ตัวยึดหน้าบานทำด้วยไนลอนสีครีม ขวา/ซ้ายใช้กับ 320M ลิ้นชักซ่อน          2x58 = ,116.00,คู่
ZIF.3010.02/ZIF.3010.03,ตัวยึดหน้าบานทำด้วยไนลอนสีครีม ขวา/ซ้ายใช้กับ 320N  ลิ้นชักซ่อน          2x65 = ,130.00,คู่
ZAA.3500,ฝาปิดพลาสติกสีครีม,8.00,อัน
ZAA.3500.WA,ฝาปิดพลาสติกเทา,8.00,อัน
*ZSD.1200S,คิ้วพีวีซีสีครีม / Controured Profile ยาวเส้นละ 1.20ม. สามารถตัดได้,99.00,ชุด
*ZRE.371S.ID,ชุดราวเสริมข้างลิ้นชักสีครีมใช้กับรางยาว 40ซม.,235.00,ชุด
ZRE.421S.ID,ชุดราวเสริมข้างลิ้นชักสีครีมใช้กับรางยาว 45ซม.,240.00,ชุด
ZRE.471S.ID,ชุดราวเสริมข้างลิ้นชักสีครีมใช้กับรางยาว 50ซม.,250.00,ชุด
ZRG.1104U,ราวกั้นตามขวางสีครีม ยาว 1104มม. สามรถตัดได้,146.00,เส้น
ZRU.00F0,ตัวกั้นขวดสีครีม,31.00,อัน
ZRU.00Z0.01,ตัวแบ่งช่องตามขวาง สีครีม,60.00,อัน
ZTU.00D0,หลักยึดราว 3ชั้น สูง 137มม. สีครีม,78.00,อัน
ZTU.00Z0,หลักยึดราว 2ชั้น สูง 87มม. สีครีม,63.00,อัน
ZRM.5500,ชุดราวแขวนแฟ้มสีครีม ยาว 55ซม. สามารถตัดได้,455.00,ชุด
ZRE.471S.WA,ชุดราวเสริมข้างลิ้นชักสีเทาใช้กับราวยาว 50ซม.,265.00,ชุด
ZRG.1094U.WA,ราวกั้นตามขวางสีเทา ยาว 1094มม. สามารถตัดได้,120.00,เส้น
ZRU.00F0.G,ตัวกั้นขวดสีเทา,31.00,อัน
ZRU.00Z0.01G,ตัวกั้นแบ่งช่องตามขวาง สีเทา,60.00,อัน
ZTU.00D0.G,หลักยึดราว 3ชั้น สูง 137มม. สีเทา,78.00,อัน
ZTU.00Z0.G,หลักยึดราว 2ชั้น สูง 87มม. สีเทา,63.00,อัน
550H2700.03,รางตอนเดียว ยาว 27ซม/10.50นิ้ว     (ซ้าย/ขวา) ไม่มี BLUEMOTION พร้อมตัวล็อกกล่องลิ้นชักสีส้ม,415.00,ชุด
550H3000.03,รางตอนเดียว ยาว 30ซม/12นิ้ว          (ซ้าย/ขวา) ไม่มี BLUEMOTION พร้อมตัวล็อกกล่องลิ้นชักสีส้ม,415.00,ชุด
550H3500.03,รางตอนเดียว ยาว 35ซม/14นิ้ว          (ซ้าย/ขวา) ไม่มี BLUEMOTION พร้อมตัวล็อกกล่องลิ้นชักสีส้ม,415.00,ชุด
550H4000.03,รางตอนเดียว ยาว 40ซม/16นิ้ว          (ซ้าย/ขวา) ไม่มี BLUEMOTION พร้อมตัวล็อกกล่องลิ้นชักสีส้ม,425.00,ชุด
550H4500.03,รางตอนเดียว ยาว 45ซม/18นิ้ว          (ซ้าย/ขวา) ไม่มี BLUEMOTION พร้อมตัวล็อกกล่องลิ้นชักสีส้ม,436.00,ชุด
550H5000.03,รางตอนเดียว ยาว 50ซม/20นิ้ว          (ซ้าย/ขวา) ไม่มี BLUEMOTION พร้อมตัวล็อกกล่องลิ้นชักสีส้ม,446.00,ชุด
560H2700C,รางฯสองตอน ยาว 27ซม/10.50นิ้ว     (ซ้าย/ขวา) ไม่มี BLUEMOTION พร้อมตัวล็อกกล่องลิ้นชักสีส้ม,761.00,ชุด
560H3000C,รางฯสองตอน ยาว 30ซม/12นิ้ว          (ซ้าย/ขวา) ไม่มี BLUEMOTION พร้อมตัวล็อกกล่องลิ้นชักสีส้ม,761.00,ชุด
560H3500C,รางฯสองตอน ยาว 35ซม/14นิ้ว          (ซ้าย/ขวา) ไม่มี BLUEMOTION พร้อมตัวล็อกกล่องลิ้นชักสีส้ม,761.00,ชุด
560H4000C,รางฯสองตอน ยาว 40ซม/16นิ้ว          (ซ้าย/ขวา) ไม่มี BLUEMOTION พร้อมตัวล็อกกล่องลิ้นชักสีส้ม,771.00,ชุด
560H4500C,รางฯสองตอน ยาว 45ซม/18นิ้ว          (ซ้าย/ขวา) ไม่มี BLUEMOTION พร้อมตัวล็อกกล่องลิ้นชักสีส้ม,781.00,ชุด
560H5000C,รางฯสองตอน ยาว 50ซม/20นิ้ว          (ซ้าย/ขวา) ไม่มี BLUEMOTION พร้อมตัวล็อกกล่องลิ้นชักสีส้ม,801.00,ชุด
560H2700B,รางฯสองตอน ยาว 27ซม/10.50นิ้ว     (ซ้าย/ขวา) มี BLUEMOTION พร้อมตัวล็อกกล่องลิ้นชักสีส้ม,"1,071.00",ชุด
560H3000B,รางฯสองตอน ยาว 30ซม/12นิ้ว          (ซ้าย/ขวา) มี BLUEMOTION พร้อมตัวล็อกกล่องลิ้นชักสีส้ม,"1,071.00",ชุด
560H3500B,รางฯสองตอน ยาว 35ซม/14นิ้ว          (ซ้าย/ขวา) มี BLUEMOTION พร้อมตัวล็อกกล่องลิ้นชักสีส้ม,"1,071.00",ชุด
560H4000B,รางฯสองตอน ยาว 40ซม/16นิ้ว          (ซ้าย/ขวา) มี BLUEMOTION พร้อมตัวล็อกกล่องลิ้นชักสีส้ม,"1,091.00",ชุด
560H4500B,รางฯสองตอน ยาว 45ซม/18นิ้ว          (ซ้าย/ขวา) มี BLUEMOTION พร้อมตัวล็อกกล่องลิ้นชักสีส้ม,"1,101.00",ชุด
560H5000B,รางฯสองตอน ยาว 50ซม/20นิ้ว          (ซ้าย/ขวา) มี BLUEMOTION พร้อมตัวล็อกกล่องลิ้นชักสีส้ม,"1,111.00",ชุด
566H4500B,รางฯสองตอน ยาว 45ซม/18นิ้ว          (ซ้าย/ขวา) มี BLUEMOTION พร้อมตัวล็อกกล่องลิ้นชักสีส้ม,"1,641.00",ชุด
566H5000B,รางฯสองตอน ยาว 50ซม/20นิ้ว          (ซ้าย/ขวา) มี BLUEMOTION พร้อมตัวล็อกกล่องลิ้นชักสีส้ม,"1,651.00",ชุด
T51.1700.04L/R,ตัวล็อกกล่องลิ้นชักสีส้ม ด้านซ้าย/ขวา                                                                                   2x36 =,72.00,คู่
T51.7000,ตัวยึดลิ้นชักด้านหลัง สำหรับตะแกรง (Pull-out Surround),12.75,อัน
T55.1151L/R,TIP-ON อุปกรณ์กดกระเด้ง ด้ายซ้าย/ขวาใช้กับราง 550Hxxxx.03 เท่านั้น                           2x199 =,398.00,คู่
T55.7151L/R,TIP-ON อุปกรณ์กดกระเด้ง ด้ายซ้าย/ขวาใช้กับราง 560Hxxxxc เท่านั้น                              2x199 =,398.00,คู่
*557.4501AL/R,รางลิ้นชักสองตอน ยาว 45ซม/80กก. ไม่มี BLUEMOTION ด้านซ้าย/ขวา (สินค้าสั่งพิเศษ)         (MIN.6ชุด),"1,575.00",ชุด
*557.5001AL/R,รางลิ้นชักสองตอน ยาว 50ซม/80กก. ไม่มี BLUEMOTION ด้านซ้าย/ขวา (สินค้าสั่งพิเศษ)         (MIN.6ชุด),"1,580.00",ชุด
558.4501B01,รางลิ้นชักสองตอน ยาว 45ซม/80กก.  มี BLUEMOTION ด้านซ้าย/ขวา (สินค้าสั่งพิเศษ)             (MIN.12ชุด),769.00,ชุด
559.4501BL/R,รางลิ้นชักสองตอน ยาว 45ซม/80กก.  มี BLUEMOTION ด้านซ้าย/ขวา (สินค้าสั่งพิเศษ)             (MIN.12ชุด),919.00,ชุด
558.5001AL/R,รางลิ้นชักสองตอน ยาว 50ซม/30กก. ไม่มี BLUEMOTION               ซ้าย/ขวา           2อัน   x     200.00,400.00,คู่
559.5001AL/R,รางลิ้นชักสองตอน ยาว 50ซม/50กก. ไม่มี BLUEMOTION                   ซ้าย/ขวา           2อัน   x     270.00,540.00,คู่
558.5001BL/R,รางลิ้นชักสองตอน ยาว 50ซม/30กก.  มี BLUEMOTION                   ซ้าย/ขวา           2อัน   x     421.00,842.00,คู่
559.5001BL/R,รางลิ้นชักสองตอน ยาว 50ซม/50กก.  มี BLUEMOTION                       ซ้าย/ขวา           2อัน   x     491.00,982.00,คู่
ZAA.230N.02L/R,ฝาปิดสีเทา                                                                                                ซ้าย/ขวา           2อัน   x        7.50,15.00,คู่
ZAA.330C,ฝาปิดสีเทา                                                                                   ,7.50,อัน
ZAA.430C,ฝาปิดสีเทา (ใช้กับข้างลิ้นชักรุ่น F Version รหัส 358M5002IF เท่านั้น)                                                                                  ,7.50,อัน
ZSF.350.02,ตัวยึดหน้าบานไม่มีปุ๊ก,39.00,อัน
ASF.3902,ตัวยึดหน้าบานมีปุ๊ก Ø 10มม.,39.00,อัน
ZIF.70M0L/R,ตัวยึดหน้าบานลิ้นชักช่อนฯ สีเทาใช้กับลิ้นชักไม่มีราวเสริม                ซ้าย/ขวา            2อัน  x      64.00,128.00,คู่
ZIF.72B0L/R,ตัวยึดหน้าบานลิ้นชักช่อนฯ สีเทาใช้กับลิ้นชักมีราวเสริม1ชั่น             ซ้าย/ขวา            2อัน  x      69.00,138.00,คู่
ZIF.72D0L/R,ตัวยึดหน้าบานลิ้นชักช่อนฯ สีเทาใช้กับลิ้นชักมีแผ่นปิดข้างลิ้นชัก      ซ้าย/ขวา            2อัน  x      74.00,148.00,คู่
ZIF.73D0L/R,ตัวยึดหน้าบานลิ้นชักช่อนฯ สีเทาใช้กับลิ้นชักมีราวเสริม2ชั้น             ซ้าย/ขวา            2อัน  x      74.00,148.00,คู่
ZIF.7008,มือจับใช้กับลิ้นชักซ่อนฯ ทำด้วยไนลอนสีเทา,97.00,อัน
Z33M00E0A6,"อุปกรณ์ลิ้นชักเข้ามุม ""ลิ้นชักเตี้ย""","1,960.00",ชุด
Z33D00E0A6,"อุปกรณ์ลิ้นชักเข้ามุม ""ลิ้นชักสูง dbl.BOXSIDE""","2,660.00",ชุด
ZRU.00Z0.01G,ตัวกั้นแบ่งช่องตามขวางสีเทา,60.00,อัน
ZRU.00F0.G,ตัวกั้นขวดสีเทา,31.00,อัน
ZRU.10B1E,ตัวยึดราวกั้นตามขวางสีเทา แบบมีสปริง ใช้กับแผ่นปิดข้างลิ้นชัก dbl.BOXSIDE,35.00,อัน
ZRG.000E3,ตัวยึดราวเสริมด้านหลังสีเทม ใช้กับตัวยึดหลัง Z30D สำหรับลิ้นชักที่มีราวเสริม 2ชั้น dbl.Gallery),5.75,อัน
Z30N0002.6Z,ตัวยึดไม้แบ่งหน้าลิ้นชักกับข้างลิ้นชัก ทำด้วยไนลอนสีเทา,99.00,ชุด
Z36H000G302L/R,อุปกรณ์ยึดกระจก (ไม่รวมกระจก) ซ้าย/ขวา 2อัน x 132,264.00,คู่
Z40H000A,ตัวยึดแผ่นกั้นแบ่งช่องตามขวางสีเทา มีสปริง ใช้กับ double BOXSIDE ,89.00,อัน
Z40H0002.R,ตัวยึดแผ่นกั้นแบ่งช่องตามขวางสีเทา ไม่มีสปริง ใช้กับ glass BOXSIDE ,89.00,อัน
297.05,"ฉากตัว ""L"" ทำด้วยโลหะ ใช้ยึดพื้นลิ้นชักกับหน้าบาน ",9.25,อัน
Z31A0008,ตัวยึดพื้นลิ้นชักกับหน้าบาน ใช้กับลิ้นชักซ่อนอยู่ในตู้/inner,13.75,อัน
ZIF.7007,มือจับพร้อมตัวล็อก ใช้กับลิ้นชักซ่อนอยู่ในตู้/inner (ลิ้นชักเตี้ย),300.00,อัน
DYA.2441,"แผ่นซีดีโปรแกรม DYNALOG ""ราคาพิเศษ""","3,250.00",--
Z70.31E3L/R,BLUEMOTION housing สีเทา                                                                         ซ้าย/ขวา     2อัน  x    199.00,398.00,คู่
270.3159.02,BLUEMOTION trigger สีเทา                                                                                              2อัน  x      22.00,44.00,คู่
Z70.51E3L/R,BLUEMOTION housing สีเทา/ส้ม                                                                   ซ้าย/ขวา     2อัน  x    199.00,398.00,คู่
Z70.5159.02,BLUEMOTION trigger สีส้ม                                                                                              2อัน  x      22.00,44.00,คู่
*Z70.8159,BLUEMOTION trigger สีดำใช้กับราง 557.xxxxA (สินค้าสั่งพิเศษ)                                          (MIN.250อัน)                                                                                        ,22.00,อัน
M01.ZB45.02,ดอกสว่าน Ø 45มม. หมุนขวา/สีดำ,"3,125.00",อัน
M01.ZB10.03,ดอกสว่าน Ø 45มม. หมุนขวา/สีแดง,780.00,อัน
*357M4502I,ข้างลิ้นชักสแตนเลสยาว 45ซม/80กก. ด้านซ้าย/ขวา พร้อมฝาปิด (สินค้าสั่งพิเศษ)                   (MIN.6ชุด),"3,050.00",ชุด
*357M5002I,ข้างลิ้นชักสแตนเลสยาว 50ซม/80กก. ด้านซ้าย/ขวา พร้อมฝาปิด (สินค้าสั่งพิเศษ)                   (MIN.6ชุด),"3,100.00",ชุด
358M4502I,ข้างลิ้นชักสแตนเลสยาว 45ซม/30-50กก. ด้านซ้าย/ขวา พร้อมฝาปิด (สินค้าสั่งพิเศษ)       (MIN.6ชุด),"1,249.00",ชุด
358M5002IL/R,ข้างลิ้นชักสแตนเลสยาว 50ซม/30-50กก.                                          ซ้าย/ขวา                 2อัน   x     570.00,"1,140.00",คู่
358M5002IFL/R,ข้างลิ้นชักสแตนเลสรุ่น F-version ยาว 50ซม/30-50กก.                 ซ้าย/ขวา                 2อัน   x     590.00,"1,180.00",คู่
358M5004IGL/R,ข้างลิ้นชักใต้ซิ้งด้านในสแตนเลสยาว 50ซม/30-50กก.                     ซ้าย/ขวา                 2อัน   x     959.00,"1,918.00",คู่
Z30B000S.04NIL/R,ตัวยึดหลังลิ้นชักสีนิกเกิล B-height                                                      ซ้าย/ขวา                  2อัน   x       76.00,152.00,คู่
Z30D000SNIL/R,ตัวยึดหลังลิ้นชักสีนิกเกิล D-height                                                      ซ้าย/ขวา                  2อัน   x     109.00,218.00,คู่
Z30D000S.45NIL/R,ตัวยึดหลังลิ้นชักสีนิกเกิล D-height  ใช้กับลิ้นชักเข้ามุม                     ซ้าย/ขวา                  2อัน   x     140.00,280.00,คู่
Z30M000S.04NIL/R,ตัวยึดหลังลิ้นชักสีนิกเกิล M-height                                                     ซ้าย/ขวา                  2อัน   x      49.00,98.00,คู่
Z30M000S.45NIL/R,ตัวยึดหลังลิ้นชักสีนิกเกิล M-height  ใช้กับลิ้นชักเข้ามุม                     ซ้าย/ขวา                  2อัน   x      69.00,138.00,ค่
Z30N000S.04NIL/R,ตัวยึดไม้แบ่งน้ำหนักลิ้นชัก สีนิกเกิล ใช้กับ Z30N0002.6Z               ซ้าย/ขวา                 2อัน   x      49.00,98.00,คู่
ZRR.5000.NI,ตัวยึดหลังแบบเสริมนิเกิล,45.00,อัน
*ZRG.396V.IC.CR,ราวเสริมข้างลิ้นชักสีโครมฯ ใช้กับรางฯ 45ซม. (สินค้าสั่งพิเศษ)                                       (MIN.100เส้น) ,189.00,เส้น
ZRG.446V.IC.CR,ราวเสริมข้างลิ้นชักสีโครเมี่ยม,175.00,เส้น
Z31A1081A.NI,หน้าลิ้นชักทำด้วยอลูมิเนียมสีโครเมี่ยมยาว 1081มม. ตัดได้,"1,500.00",อัน
Z37H418I.E,แผ่นปิดข้างลิ้นชักทำด้วยสแตนเลสใช้กับรางฯ 45ซม (สินค้าสั่งพิเศษ)                               (MIN.10ชุด) ,"1,490.00",ชุด
Z37H468I.E,"แผ่นปิดข้างลิ้นชัก ""double BOXSIDE"" ทำด้วยสแตนเลส                                  ","1,460.00",ชุด
Z46C470I.E2,แผ่นกั้นในลิ้นชักทำด้วยสแตนเลส                                  ,"2,150.00",อัน
ZRG.1094U.CR,ราวกั้นตามขวางสีโครเมี่ยมยาว 1094มม. ตัดได้,399.00,เส้น
ZFI.30BZI6N,ชุดที่เก็บขวดสแตนเลส สำหรับตู้กว้าง 30ซม.,"6,359.00",ชุด
Z40H277I,แผ่นกั้นแบ่งช่องตามขวาง ทำด้วยสแตนเลส ใช้กับตู้กว้าง 40ซม.,510.00,อัน
Z40H377I,แผ่นกั้นแบ่งช่องตามขวาง ทำด้วยสแตนเลส ใช้กับตู้กว้าง 50ซม.,600.00,อัน
Z40H477I,แผ่นกั้นแบ่งช่องตามขวาง ทำด้วยสแตนเลส ใช้กับตู้กว้าง 60ซม.,650.00,อัน
Z40H548I,แผ่นกั้นแบ่งช่องตามขวาง ทำด้วยสแตนเลส ใช้เก็บอาหารแห้งกับชุดเก็บขวดกว้าง 90ซม.,700.00,อัน
Z40H677I,แผ่นกั้นแบ่งช่องตามขวาง ทำด้วยสแตนเลส ใช้กับตู้กว้าง 80ซม.,900.00,อัน
Z40H777I,แผ่นกั้นแบ่งช่องตามขวาง ทำด้วยสแตนเลส ใช้กับตู้กว้าง 90ซม.,950.00,อัน
Z40H877I,แผ่นกั้นแบ่งช่องตามขวาง ทำด้วยสแตนเลส ใช้กับตู้กว้าง 1.00ม.,"1,000.00",อัน
Z40H1077I,แผ่นกั้นแบ่งช่องตามขวาง ทำด้วยสแตนเลส ใช้กับตู้กว้าง 1.20ม.,1200.00,อัน
Z43H100I.01,แผ่นกั้นแบ่งช่องตามขวาง ทำด้วยสแตนเลส ,270.00,อัน
Z40H277I.R,แผ่นกั้นแบ่งช่องตามขวาง ทำด้วยสแตนเลส ใช้กับตู้กว้าง 40ซม.,510.00,อัน
Z40H377I.R,แผ่นกั้นแบ่งช่องตามขวาง ทำด้วยสแตนเลส ใช้กับตู้กว้าง 50ซม.,600.00,อัน
Z40H477I.R,แผ่นกั้นแบ่งช่องตามขวาง ทำด้วยสแตนเลส ใช้กับตู้กว้าง 60ซม.,650.00,อัน
Z40H677I.R,แผ่นกั้นแบ่งช่องตามขวาง ทำด้วยสแตนเลส ใช้กับตู้กว้าง 80ซม.,900.00,อัน
Z40H777.IR,แผ่นกั้นแบ่งช่องตามขวาง ทำด้วยสแตนเลส ใช้กับตู้กว้าง 90ซม.,950.00,อัน
Z40H877I.R,แผ่นกั้นแบ่งช่องตามขวาง ทำด้วยสแตนเลส ใช้กับตู้กว้าง 1.00ม.,"1,000.00",อัน
Z40H1077I.R,แผ่นกั้นแบ่งช่องตามขวาง ทำด้วยสแตนเลส ใช้กับตู้กว้าง 1.20ม.,1200.00,อัน
Z43H100I.01,แผ่นกั้นแบ่งช่องตามขวาง ทำด้วยสแตนเลส ,270.00,อัน
*ZRI.90B006.CR,ชุดราวกั้นแบ่งช่องฯ (เป็นเส้น) สีโครมเมี่นม ใช้กับตู้กว้าง 60-90ซม. (ตัดได้),"1,210.00",ชุด 
*Z40M5451,แผ่นกั้นแบ่งช่องตามขวาง ทำด้วยสแตนเลส ใช้กับชุดลิ้นชักใต้ซิ้งค์กว้าง 90ซมใ - 1.00ม,435.00,อัน
*358M4502S,ข้างลิ้นชักสีเทายาว 45ซม/30-50กก ด้านซ้าย/ขวา พร้อมฝาปิด (สินค้าสั่งพิเศษ)                    (MIN.6ชุด),709.00,ชุด
358M5002SL/R,ข้างลิ้นชักสีเทายาว 45ซม/30-50กก                                                      ซ้าย/ขวา           2อัน    x    289.00,578.00,คู่
358M5004SGL/R,ข้างลิ้นชักใต้ซิ้งสีเทายาว 50ซม (SINK CABINET II)                        ซ้าย/ขวา           2อัน    x    369.00,738.00,คู่
Z30B000S.04L/R,ตัวยึดหลังลิ้นชักสีนิกเกิล B-height                                                      ซ้าย/ขวา            2อัน   x       39.00,78.00,คู่
Z30D000SL/R,ตัวยึดหลังลิ้นชักสีนิกเกิล D-height                                                      ซ้าย/ขวา           2อัน   x        56.00,112.00,คู่
Z30D000S.45L/R,ตัวยึดหลังลิ้นชักสีนิกเกิล D-height  ใช้กับลิ้นชักเข้ามุม                      ซ้าย/ขวา           2อัน   x        89.00,178.00,คู่
Z30M000S.04L/R,ตัวยึดหลังลิ้นชักสีนิกเกิล M-height                                                     ซ้าย/ขวา            2อัน   x       30.00,60.00,คู่
Z30N000S.04L/R,ตัวยึดไม้แบ่งหน้าลิ้นชัก สีนิกเกิล ใช้กับ Z30N0002.6Z                     ซ้าย/ขวา            2อัน   x       30.00,60.00,คู่
Z30M000S.45L/R,ตัวยึดหลังลิ้นชักสีนิกเกิล M-height  ใช้กับลิ้นชักเข้ามุม                     ซ้าย/ขวา            2อัน   x       52.00,104.00,คู่
ZRR.5000.WA,ตัวยึดหลังแบบเสริมสีเทา,32.00,อัน
*ZRG.396V.IC,ราวเสริมข้างลิ้นชักสีเทา ใช้กับรางฯ 45ซม. (สินค้าสั่งพิเศษ)                                           (MIN.100เส้น) ,89.00,เส้น
ZRG.446V.IC.CR,ราวเสริมข้างลิ้นชักสีเทา,75.00,เส้น
Z31A1081A.WA,หน้าลิ้นชักทำด้วยอลูมิเนียมสีเทายาว 1081มม. ตัดได้,490.00,อัน
*Z37H418S.E,แผ่นปิดข้างลิ้นชักสีเทาใช้กับรางฯ 45ซม (สินค้าสั่งพิเศษ)                                                     (MIN.10ชุด) ,609.00,ชุด
Z37H468S.E,"แผ่นปิดข้างลิ้นชัก ""double BOXSIDE"" ทำด้วยเหล็กเคลือบอิพ๊อกซี่สีเทา                   ",720.00,ชุด
Z46C470S.E2,แผ่นกั้นในลิ้นชักทำด้วยเหล็กเคลือบอิพ๊อกซี่สีเทา                             ,"1,350.00",อัน
ZRG.1094U.WA,ราวกั้นตามขวางสีเทายาว 1094มม. ตัดได้,120.00,เส้น
Z40H177S,แผ่นกั้นแบ่งช่องตามขวาง ทำด้วยเคลือบอิพ๊อกซี่สีเทาใช้กับตู้กว้าง 30ซม.,279.00,อัน
Z40H477S,แผ่นกั้นแบ่งช่องตามขวาง ทำด้วยเคลือบอิพ๊อกซี่สีเทาใช้กับตู้กว้าง 60ซม.,329.00,อัน
Z40H777S,แผ่นกั้นแบ่งช่องตามขวาง ทำด้วยเคลือบอิพ๊อกซี่สีเทาใช้กับตู้กว้าง 90ซม.,460.00,อัน
Z40H1077S,แผ่นกั้นแบ่งช่องตามขวาง ทำด้วยเคลือบอิพ๊อกซี่สีเทาใช้กับตู้กว้าง 1.20ม.,610.00,อัน
Z43H100S.01,แผ่นกั้นแบ่งช่องย่อยเคลือบอิพ๊อกซี่สีเทา,169.00,อัน
Z40H177S.R,แผ่นกั้นแบ่งช่องตามขวาง เคลือบอิพ๊อกซี่สีเทาใช้กับตู้กว้าง 30ซม.,279.00,อัน
Z40H477S.R,แผ่นกั้นแบ่งช่องตามขวาง เคลือบอิพ๊อกซี่สีเทาใช้กับตู้กว้าง 60ซม.,329.00,อัน
Z40H777S.R,แผ่นกั้นแบ่งช่องตามขวาง เคลือบอิพ๊อกซี่สีเทาใช้กับตู้กว้าง 90ซม.,460.00,อัน
Z40H1077S.R,แผ่นกั้นแบ่งช่องตามขวาง เคลือบอิพ๊อกซี่สีเทาใช้กับตู้กว้าง 1.20ซม.,610.00,อัน
Z43H100S.01,แผ่นกั้นแบ่งช่องย่อยเคลือบอิพ๊อกซี่สีเทา,169.00,อัน
ZRI.50B006.WA,ชุดราวกั้นแบ่งช่องฯ (เป็นเส้น) สีGMK ใช้กับตู้กว้าง 45-50ซม. (ตัดได้),559.00,ชุด
ZRI.60B006.WA,ชุดราวกั้นแบ่งช่องฯ (เป็นเส้น) สีGMK ใช้กับตู้กว้าง 45-60ซม. (ตัดได้),579.00,ชุด
*358M5002AL/R,ข้างลิ้นชักทำด้วยอลูมิเนียมยาว 50ซม/30กก                                                         ซ้าย/ขวา           2อัน    x    576.00,"1,152.00",คู่
*RG.446V.AL,ราวเสริมข้างลิ้นชักสีอลูมิเนียม,146.00,เส้น
*ZRG.1094U.AL,ราวกั้นตามขวางสีอลูมิเนียมยาว 1094มม ตัดได้,153.00,เส้น
*Z37H468A.E.,"แผ่นปิดข้างลิ้นชัก ""double BOXSIDE"" ทำด้วยอลูมิเนียม","1,355.00",ชุด
ZSI.500BI3,ถาดใส่ช้อนส้อมสแตนเลสขนาด 28.00ซม x 47.40ซม,"2,450.00",อัน
ZSI.500FI3,ที่แบ่งช่องในลิ้นชักทำด้วยสแตนเลสใช้วางเครื่องครัวขนาด 37.70 x 47.40ซม,"1,850.00",อัน
ZSI.500MI3,ถาดใส่ช้อนส้อมสแตนเลสขนาด 29.70 x 47.40ซม,"3,350.00",อัน
ZSI.500KI2N,ถาดใส่ช้อนส้อมสแตนเลสขนาด 20.00 x 47.40ซม,"2,190.00",อัน
ZSI.500KI4,ถาดใส่ช้อนส้อมสแตนเลสขนาด 37.70 x 47.40ซม,"3,150.00",อัน
ZTH.0350,ที่เก็บจาน,"2,375.00",อัน
ZSZ.02M0,ที่เก็บมีด,"1,059.00",อัน
ZFZ.30G0I,ที่เก็บเครื่องปรุง ใช้กับตู้กว้าง 30ซม,750.00,อัน
ZFZ.40G0I,ที่เก็บเครื่องปรุง ใช้กับตู้กว้าง 40ซม,970.00,อัน
ZFZ.45G0I,ที่เก็บเครื่องปรุง ใช้กับตู้กว้าง 45ซม,"1,129.00",อัน
Z48.30B0I6,ถาดวางขวดทำด้วยสแตนเลสใช้กับตู้กว้าง 30ซม,"2,149.00",อัน
993.0830.01,ปุ่มเว้นระยะติดหน้าบาน Ø 8มม,29.00,อัน
Z10A3000.01,ตัดกดกระเด้งใช้ไฟฟ้า,"3,190.00",อัน
Z10D01E2.01,ตัวยึดแผ่นอลูมิเนียมยึดบน,59.00,อัน
Z10D01E1,ตัวยึดแผ่นอลูมิเนียมยึดพื้นตู้,59.00,อัน
Z10D01EA,ตัวยึดแผ่นอะลูมิเนี้ยยึดหลังตู้/พื้นตู้ พร้อมฝาปิด,199.00,ชุด
Z10T770AA,แผ่นอลูมิเนียมใช้ติดตัวกดกระเด้งยาว 77ซม พร้อมสายไฟ (ตัดได้),"1,669.00",อัน
Z10K1HMA,สายไฟสีดำ (ยาวม้วนละ 100ม),129.00,ม.
Z10M200E,ปลั๊กไฟ 2ขา พร้อมสายไฟยาว 20ซม,299.00,อัน
Z10M200U,ปลั๊กไฟ 3ขา พร้อมสายไฟยาว 20ซม,299.00,อัน
Z10NE050.01,หม้อแปลง INPUT VOLTAGE 100-240VAC/OUTPUT VOLAGATE 24VAC,"5,299.00",อัน
Z10NG000,กล่องเก็บหม้อแปลงฝังกับพื้นตู้,299.00,อัน
Z10NG100,กล่องเก็บหม้อแปลงยึดติดหลังตู้,299.00,อัน
Z10V1000,ตัวเชื่อมต่อสายไฟ,219.00,อัน
Z10K0009,ตัวเก็บสายไฟ,39.00,อัน
Z10K0008,ตัวปิดสายไฟ,19.00,อัน
Z10K120S,สายเชื่อมต่อตัวกดกระเด้ง,419.00,อัน
Z10D7101,ฐานติดตัวกดกระเด้ง ใช้กับลิ้นชักใต้ซิ้งค์แบบเตี้ย,539.00,อัน
Z10D7201,ฐานติดตัวกดกระเด้ง ใช้กับลิ้นชักใต้ซิ้งค์แบบสูง,639.00,อัน
ZST.0BAL.L,Slide Stabiliser ตัวกันลิ้นชักโครง ด้านซ้าย                                                                  (MIN.100อัน),119.00,อัน
ZST.0BAL.R,Slide Stabiliser ตัวกันลิ้นชักโครง ด้านขวา                                                                  (MIN.100อัน),119.00,อัน
ZST.4500BZL,รางติดข้างตู้ยาว 45ซม ด้านซ้าย ใช้กับตัวกันโครง                                                        (MIN.100อัน),390.00,อัน
ZST.4500BZR,รางติดข้างตู้ยาว 45ซม ด้านขวา ใช้กับตัวกันโครง                                                        (MIN.100อัน),390.00,อัน
ZST.5000BZL,รางติดข้างตู้ยาว 50ซม ด้านซ้าย ใช้กับตัวกันโครง                                                        (MIN.100อัน),139.00,อัน
ZST.5000.BZR,รางติดข้างตู้ยาว 50ซม ด้านขวา ใช้กับตัวกันโครง                                                        (MIN.100อัน),139.00,อัน
ZST.2000W,ราวกันโครงใช้กับตัวกันโคลง ยาว 2เมตร(ตัดได้)                                                         (MIN.500เส้น),250.00,เส้น
20F2201,"อุปกรณ์บานยกหน้าบาน [ดำ Power Factor = 960 - 2800 ใช้ 1 อัน , 2600 - 5700 ใช้ 2 อัน]",990.00,อัน
20F2501,อุปกรณ์บานยกหน้าบาน [ดำ Power Factor = 5350 - 10600 ใช้ 2 อัน],"1,090.00",อัน
20F2801,"อุปกรณ์บานยกหน้าบาน [ดำ Power Factor = 9000 - 18000 ใช้ 2 อัน , 13500 - 27000 ใช้ 3 อัน]","1,190.00",อัน
20F8001L,ฝาครอบสีเทาด้านซ้าย,79.00,อัน
20F8001R,ฝาครอบสีเทาด้านขวา,79.00,อัน
20F9001,ฝาปิดกลมสีเทา,10.00,อัน
20F3501,แขนยกหน้าบานใช้กับตู้สูง 56-71ซม,529.00,อัน
20F3801,แขนยกหน้าบานใช้กับตู้สูง 70-79ซม,639.00,อัน
20F3901,แขนยกหน้าบานใช้กับตู้สูง 76ซม.-1.04ซม,729.00,อัน
70T558E,"บานพับขอบรุ่น CLIP top ไม่มีสปริงใช้กับหน้าบานไม้,อลูฯ เฟรมใหญ่ เปิด 120องศา (บานบน)",65.00,อัน
78Z553ET,"บานพับตรงกลางรุ่น CLIP top ไม่มีสปริงใช้กับหน้าบานไม้,อลูฯ เฟรมใหญ่ เปิด 120องศา (บานล่าง)",129.00,อัน
72T550A.TL,"บานพับขอบรุ่น CLIP top ไม่มีสปริงใช้กับหน้าบานไม้,อลูฯ เฟรมใหญ่ เปิด 120องศา (บานบน)",89.00,อัน
78Z550AT,"บานพับตรงกลางรุ่น CLIP top ไม่มีสปริงใช้กับหน้าบานไม้,อลูฯ เฟรมใหญ่ เปิด 120องศา (บานล่าง)",129.00,อัน
177H5100,ตัวหนุนขาบานพับขาตรงมีปุ๊กและสกูร สามารถปรับได้ ขนาด 0มม.,31.00,อัน
175H5A00,ตัวหนุนขาบานพับใช้กับบานพับตรงกลาง,136.00,อัน
175H5B00L,ตัวยึดแขนยกหน้าบานด้านซ้าย ใช้กับบานอลูฯ เฟรมเล็ก,136.00,อัน
175H5B00R,ตัวยึดแขนยกหน้าบานด้านขวา ใช้กับบานอลูฯ เฟรมเล็ก,136.00,อัน
606.08,สกูรยึดขาบานพับรุ่นขาตรง (รู Ø 3.50มม ยาว 8.00มม,1.25,อัน
20S2B01,อุปกรณ์ยกหน้าบาน ใช้กับตู้สูง 35.00-52.50ซม น้ำหนักบาน 3.52-9.50กก,"1,069.00",อัน
20S2E01,อุปกรณ์ยกหน้าบาน ใช้กับตู้สูง 52.60-67.50ซม น้ำหนักบาน 5.00-13.00กก,"1,179.00",อัน
20S2H01,อุปกรณ์ยกหน้าบาน ใช้กับตู้สูง 67.60-80.00ซม น้ำหนักบาน 6.00-13.50กก,"1,179.00",อัน
20S8001L,ฝาครอบ สีเทา ด้านซ้าย,79.00,อัน
20S8001R,ฝาครอบ สีเทา ด้านขวา,79.00,อัน
20F9001,ฝาปิดแบบกลม สีเทา,10.00,อัน
20S3501L,แขนยกหน้าบานด้านซ้าย,739.00,อัน
20S3501R,แขนยกหน้าบานด้านขวา,739.00,อัน
20S4201,ตัวยึดหน้าบาน ใช้กับหน้าบานไม้ และเฟรม อลูมิเนียมเฟรมใหญ่,60.00,อัน
20S4201A,ตัวยึดหน้าบาน ใช้กับหน้าบานเฟรมอลูมิเนียมเฟรมเล็ก,290.00,อัน
20Q442M,"อุปกรณ์กันบานโคลง (พร้อมราวกันโคลง,ฝาครอบ และ ตัวยึดราวกันโคลง) ใช้กับตู้กว้าง 60ซม",280.00,ชุด
20Q542M,"อุปกรณ์กันบานโคลง (พร้อมราวกันโคลง,ฝาครอบ และ ตัวยึดราวกันโคลง) ใช้กับตู้กว้าง 70ซม",310.00,ชุด
20Q642M,"อุปกรณ์กันบานโคลง (พร้อมราวกันโคลง,ฝาครอบ และ ตัวยึดราวกันโคลง) ใช้กับตู้กว้าง 80ซม",340.00,ชุด
20Q742M,"อุปกรณ์กันบานโคลง (พร้อมราวกันโคลง,ฝาครอบ และ ตัวยึดราวกันโคลง) ใช้กับตู้กว้าง 90ซม",360.00,ชุด
20Q842M,"อุปกรณ์กันบานโคลง (พร้อมราวกันโคลง,ฝาครอบ และ ตัวยึดราวกันโคลง) ใช้กับตู้กว้าง 1.00เมตร",390.00,ชุด
20Q1042M,"อุปกรณ์กันบานโคลง (พร้อมราวกันโคลง,ฝาครอบ และ ตัวยึดราวกันโคลง) ใช้กับตู้กว้าง 1.20เมตร",440.00,ชุด
20Q0002,ตัวยึดราวกันโคลง,55.00,อัน
20Q0003,ฝาครอบราวกันโคลง สีเทา,7.00,อัน
20Q1061U,ราวกันโคลง ยาว 1061มม สามารถตัดได้,330.00,เส้น
20L2501,อุปกรณ์ยกหน้าบาน,"1,249.00",อัน
20L2701,อุปกรณ์ยกหน้าบาน,"1,249.00",อัน
20L8001L,ฝาครอบ สีเทา ด้านซ้าย,79.00,อัน
20L80014R,ฝาครอบ สีเทา ด้านขวา,79.00,อัน
20F9001,ฝากลมปิด สีเทา,10.00,อัน
20L3501L,แขนยกหน้าบานใช้กับตู้สูง 35-40ซม ด้านซ้าย,769.00,อัน
20L3501R,แขนยกหน้าบานใช้กับตู้สูง 35-40ซม ด้านขวา,769.00,อัน
20L3801L,แขนยกหน้าบานใช้กับตู้สูง 40-55ซม ด้านซ้าย,809.00,อัน
20L3801R,แขนยกหน้าบานใช้กับตู้สูง 40-55ซม ด้านขวา,809.00,อัน
20L3901L,แขนยกหน้าบานใช้กับตู้สูง 45-58ซม ด้านซ้าย,899.00,อัน
20L3901R,แขนยกหน้าบานใช้กับตู้สูง 45-58ซม ด้านขวา,899.00,อัน
20S4201,ตัวยึดหน้าบาน ใช้กับหน้าบานไม้ และเฟรม อลูมิเนียมเฟรมใหญ่,60.00,อัน
20S4201A,ตัวยึดหน้าบาน ใช้กับหน้าบานเฟรมอลูมิเนียมเฟรมเล็ก,290.00,อัน
20Q442MA,"อุปกรณ์กันบานโคลง (พร้อมราวกันโคลง,ฝาครอบ และ ตัวยึดราวกันโคลง) ใช้กับตู้กว้าง 60ซม",409.00,ชุด
20Q542MA,"อุปกรณ์กันบานโคลง (พร้อมราวกันโคลง,ฝาครอบ และ ตัวยึดราวกันโคลง) ใช้กับตู้กว้าง 70ซม",459.00,ชุด
20Q642MA,"อุปกรณ์กันบานโคลง (พร้อมราวกันโคลง,ฝาครอบ และ ตัวยึดราวกันโคลง) ใช้กับตู้กว้าง 80ซม",509.00,ชุด
20Q742MA,"อุปกรณ์กันบานโคลง (พร้อมราวกันโคลง,ฝาครอบ และ ตัวยึดราวกันโคลง) ใช้กับตู้กว้าง 90ซม",559.00,ชุด
20Q842MA,"อุปกรณ์กันบานโคลง (พร้อมราวกันโคลง,ฝาครอบ และ ตัวยึดราวกันโคลง) ใช้กับตู้กว้าง 1.00เมตร",609.00,ชุด
20Q1042MA,"อุปกรณ์กันบานโคลง (พร้อมราวกันโคลง,ฝาครอบ และ ตัวยึดราวกันโคลง) ใช้กับตู้กว้าง 1.20เมตร",709.00,ชุด
20Q1061UA,ราวกันโคลง ยาว 1061มม สามารถตัดได้,549.00,เส้น
20Q0002A,ตัวยึดราวกันโคลง,79.00,อัน
20Q0003A,ฝาครอบราวกันโคลง สีเทา,19.00,อัน
             35-40ซม,                                  20L3501                                                                          4.25-9.00กก,8.00-14.75กก,
             45-58ซม,                                  20L3901                                                                          2.00-5.25กก,4.25-9.25กก,
20K2501,อุปกรณ์ยกหน้าบาน [ค่าPower Factor = 750-25000],869.00,อัน
20K2701,อุปกรณ์ยกหน้าบาน [ค่าPower Factor = 15000-4900],919.00,อัน
20K2901,อุปกรณ์ยกหน้าบาน [ค่าPower Factor = 3200-9000],"1,459.00",อัน
20K8001L,ฝาครอบ สีเทา ด้านซ้าย,89.00,อัน
20K8001R,ฝาครอบ สีเทา ด้านขวา,89.00,อัน
20K9001,ฝาปิดวงรี สีเทา,19.00,อัน
20S4201,ตัวยึดหน้าบาน ใช้กับหน้าบานไม้ และเฟรม อลูมิเนียมเฟรมใหญ่,60.00,อัน
20S4201A,ตัวยึดหน้าบาน ใช้กับหน้าบานเฟรมอลูมิเนียมเฟรมเล็ก,290.00,อัน
740.749.0,หัวไขควงแบบแฉกใช้ปรับ AVENTOS,179.00,อัน
30.400.MR,"แผ่นอลูมิเนียมปิดใต้ตู้ สูง 10ซม (ยาวเส้นละ 4เมตร ราคาเส้นละ 2,340/เส้น)",585.00,ม.
19.10.AL,ตัวต่อมุม 90องศา สูง 10ซม ทำด้วยอลูมิเนียม ใช้กับแผ่นอลูมิเนียมปิดใต้ตู้,49.50,อัน
19.20.AL,ตัวต่อมุม 180องศา สูง 10ซม ทำด้วยอลูมิเนียม ใช้กับแผ่นอลูมิเนียมปิดใต้ตู้,49.50,อัน
21.0950.AL,ตัวต่อมุมแบบปรับองศาได้ สูง 10ซม ทำด้วยอลูมิเนียม ใช้กับแผ่นอลูมิเนียมปิดใต้ตู้,70.00,อัน
21.0955.AL,ตัวต่อมุมแบบปรับองศาได้ สูง 15ซม ทำด้วยอลูมิเนียม ใช้กับแผ่นอลูมิเนียมปิดใต้ตู้,91.50,อัน
02.A100,ขาตู้ทำด้วยพีวีซีดำปรับได้ สูง 10ซม,19.00,อัน
6.151,คลิปล็อกขาตู้ทำด้วยพีวีซีสีดำ,5.50,อัน
R1.480G.30,"ยางรองพื้นลิ้นชักสีเทา กว้าง 48ซม หนา 1.20มม. (ยาวม้วนละ 30ม. ราคาม้วนละ 15,270/ม้วน)",509.00,ม.
77.7643.80,ถาดอลูมิเนียมรองได้ซิ้งค์ ขนาด (กว้างxลึก) 767x528มม (ใช้กับตู้กว้าง 80ซม),560.00,อัน
77.8689.90,ถาดอลูมิเนียมรองได้ซิ้งค์ ขนาด (กว้างxลึก) 867x528มม (ใช้กับตู้กว้าง 90ซม),620.00,อัน
77.7644.10,ถาดอลูมิเนียมรองได้ซิ้งค์ ขนาด (กว้างxลึก) 967x528มม (ใช้กับตู้กว้าง 1.00ม),670.00,อัน
77.8688.60,ถาดอลูมิเนียมรองได้ซิ้งค์ ขนาด (กว้างxลึก) 567x528มม (ใช้กับตู้กว้าง 60ซม),460.00,อัน
77.8688.70,ถาดอลูมิเนียมรองได้ซิ้งค์ ขนาด (กว้างxลึก) 667x528มม (ใช้กับตู้กว้าง 70ซม),510.00,อัน
77.7648.12,ถาดอลูมิเนียมรองได้ซิ้งค์ ขนาด (กว้างxลึก) 1167x528มม (ใช้กับตู้กว้าง 1.20ม),790.00,อัน
77.8044.80,ถาดอลูมิเนียมรองได้ซิ้งค์ ขนาด (กว้างxลึก) 765x565มม (ใช้กับตู้กว้าง 80ซม),560.00,อัน
77.8045.10,ถาดอลูมิเนียมรองได้ซิ้งค์ ขนาด (กว้างxลึก) 965x565มม (ใช้กับตู้กว้าง 1.00ม),670.00,อัน
NECT33C,"ชุดตระแกรงเข้ามุมสีโครเมี่ยม ""Easy Conner"" ใช้กับตู้เข้ามุม ""L"" กว้าง 90ซม. (หน้าบานตู้ 45ซม)","20,160.00",ชุด
*VRVR4402564,"อุปกรณ์ยกหน้าบานตรงรุ่น ""VELA440"" นน.ของหน้าบาน 3.50-5.50กก.","8,960.00",ชุด
*VRVR4403064,"อุปกรณ์ยกหน้าบานตรงรุ่น ""VELA440"" นน.ของหน้าบาน 4.50-6.50กก.","8,960.00",ชุด
*VRVR4403564,"อุปกรณ์ยกหน้าบานตรงรุ่น ""VELA440"" นน.ของหน้าบาน 5.50-8.00กก.","8,960.00",ชุด
*VR0R5403064,"อุปกรณ์ยกหน้าบานตรงรุ่น ""VELA540"" นน.ของหน้าบาน 5.50-8.00กก.","8,960.00",ชุด
*VRXVT000064,อุปกรณ์ยกหน้าบานซ้าย/ขวา พร้อมสกูร ใช้กับเฟรมอลูมิเนียมเฟรมเล็ก,295.00,ชุด
*VEBB2400090,ราวยาว 2.35ม,"1,025.00",เส้น
*VEXXXRIC064,อุปกรณ์ยึดราวพร้อมสกรู ด้านซ้าย/ขวา ,350.00,ชุด
*VEKITBARE64,ตัวครอบราวพร้อมสกูร ด้านซ้าย/ขวา,169.00,ชุด
*VEKITTAPP00,ชุดสกูร,45.00,ชุด
PEXXX450064,"อุปกรณ์บานเปิดเลื่อนรุ่น ""PEGASO"" รับนน. 20กก ใช้กับตู้กว้าง 45ซม","7,500.00",ชุด
PEXXX600064,"อุปกรณ์บานเปิดเลื่อนรุ่น ""PEGASO"" รับนน. 20กก ใช้กับตู้กว้าง 60ซม",95...00,ชุด
PEXXX620064,"อุปกรณ์บานเปิดเลื่อนรุ่น ""PEGASO"" รับนน. 20กก ใช้กับตู้กว้าง 62ซม","9,800.00",ชุด
PEBA2576090,ราวยาว 2.50ม,"1,850.00",เส้น
PEKITSNDX64,ตัวยึดราวกับหน้าบาน ป้องกันบานโคลง,819.00,อัน
S3100012543/A,อุปกรณ์บานเลื่อนพร้อมรางในตัวหน้าบานปิดเรียบเสมอกัน ตู้กว้าง 3.00ม 3หน้าบาน (รางยาว 2948มม),"57,500",ชุด
S2100012543/A,อุปกรณ์บานเลื่อนพร้อมรางในตัวหน้าบานปิดเรียบเสมอกัน ตู้กว้าง 2.00ม 2หน้าบาน (รางยาว 1957มม),"38,300",ชุด
S2060012543/A,อุปกรณ์บานเลื่อนพร้อมรางในตัวหน้าบานปิดเรียบเสมอกัน ตู้กว้าง 1.20ม 2หน้าบาน (รางยาว 1150มม),"34,000",ชุด
71T5590B,บานพับทับขอบ ถ้วยแบบ INSERTA เปิด 120องศา หน้าบานหนา 6หุน,85.00,ตัว
71T9790B,บานพับในขอบ ถ้วยแบบ INSERTA เปิด 100องศา หน้าบานหนา 1นิ้ว,112.00,ตัว
71T7500B,บานพับทับขอบ ถ้วยแบบ SCREW-ON เปิด 155องศา หน้าบานหนา 6หุน,235.00,ตัว
955.1004,ตัวกดกระเด้งใช้กับพับ แบบเจาะฝัง (Ø 10มม. เจาะลึก 50มม.) ใช้ได้กับบานพับไม่มีสปริงเท่านั้น,229.00,ชุด
70M2550.TL,บานพับทับขอบ ถ้วยแบบ SCREW-ON ไม่มีสปริง เปิด 100องศา (ใช้กับตัวกดกระเด้ง),52.00,ตัว
177H5100,ตัวหนุนขาพับแบบตรง มีปุ๊ก Ø 10มม. และสกรู สามารถปรับได้ ขนาด 0มม.,31.00,ตัว
70.1503,ฝาปิดขาบานพับ ทำด้วยโลหะสีเงิน ใช้กับบานพับรุ่น CLIP top ,4.75,ตัว
70T1504,ฝาครอบถ้วยบานพับ ทำด้วยโลหะสีเงิน ใช้กับบานพับรุ่น CLIP top ,6.75,ตัว
80.6507,ฝาปิดขาบานพับ ทำด้วยโลหะสีเงิน ใช้กับบานพับฯ 155/170องศา,4.25,ตัว
560H4000B,รางฯสองตอน ยาว 40ซม/16นิ้ว          (ซ้าย/ขวา) มี BLUEMOTION พร้อมตัวล็อกกล่องลิ้นชักสีส้ม,"1,091.00",ชุด
560H4500B,รางฯสองตอน ยาว 45ซม/18นิ้ว          (ซ้าย/ขวา) มี BLUEMOTION พร้อมตัวล็อกกล่องลิ้นชักสีส้ม,"1,101.00",ชุด
560H4500C,รางฯสองตอน ยาว 45ซม/18นิ้ว          (ซ้าย/ขวา) ไม่มี BLUEMOTION พร้อมตัวล็อกกล่องลิ้นชักสีส้ม,781.00,ชุด
T55.7151L/R,TIP-ON อุปกรณ์กดกระเด้ง ด้ายซ้าย/ขวาใช้กับราง 550Hxxxxc เท่านั้น                              2x199 =,398.00,คู่
T51.1700.04L/R,ตัวล็อกกล่องลิ้นชักสีส้ม ด้านซ้าย/ขวา                                                                                   2x36 =,72.00,คู่
993.0830.01,ปุ่มเว้นระยะติดหน้าบาน Ø 8มม,29.00,อัน
Z10A3000.01,ตัดกดกระเด้งใช้ไฟฟ้า,"3,190.00",อัน
Z10D01EA,ตัวยึดแผ่นอะลูมิเนี้ยยึดหลังตู้/พื้นตู้ พร้อมฝาปิด,199.00,ชุด
Z10T770AA,แผ่นอลูมิเนียมใช้ติดตัวกดกระเด้งยาว 77ซม พร้อมสายไฟ (ตัดได้),"1,669.00",อัน
Z10K1HMA,สายไฟสีดำ (ยาวม้วนละ 100ม),129.00,ม.
Z10M200E,ปลั๊กไฟ 2ขา พร้อมสายไฟยาว 20ซม,299.00,อัน
Z10NE050.01,หม้อแปลง INPUT VOLTAGE 100-240VAC/OUTPUT VOLAGATE 24VAC,"5,299.00",อัน
Z10NG100,กล่องเก็บหม้อแปลงยึดติดหลังตู้,299.00,อัน
Z10V1000,ตัวเชื่อมต่อสายไฟ,219.00,อัน
Z10K0009,ตัวเก็บสายไฟ,39.00,อัน
Z10K0008,ตัวปิดสายไฟ,19.00,อัน
Z10K120S,สายเชื่อมต่อตัวกดกระเด้ง,419.00,อัน
20K2901,อุปกรณ์ยกหน้าบาน [ค่าPower Factor = 3200-9000],"1,459.00",อัน
20K8001L,ฝาครอบ สีเทา ด้านซ้าย,89.00,อัน
20K8001R,ฝาครอบ สีเทา ด้านขวา,89.00,อัน
20K9001,ฝาปิดวงรี สีเทา,19.00,อัน
20S4201,ตัวยึดหน้าบาน ใช้กับหน้าบานไม้ และเฟรม อลูมิเนียมเฟรมใหญ่,60.00,อัน
71T9550,บานพับทับขอบ ถ้วยแบบ SCREW-ON เปิด 100องศา หน้าบานหนา 1นิ้ว,85.00,ตัว
71T9650,บานพับครึ่งขอบ ถ้วยแบบ SCREW-ON เปิด 100องศา หน้าบานหนา 1นิ้ว,86.00,ตัว
71T9750,บานพับในขอบ ถ้วยแบบ SCREW-ON เปิด 100องศา หน้าบานหนา 1นิ้ว,87.00,ตัว
71T9590B,บานพับทับขอบ ถ้วยแบบ INSERTA เปิด 100องศา หน้าบานหนา 1นิ้ว,110.00,ตัว
71T9690B,บานพับครึ่งขอบ ถ้วยแบบ INSERTA เปิด 100องศา หน้าบานหนา 1นิ้ว,111.00,ตัว
71T9790B,บานพับในขอบ ถ้วยแบบ INSERTA เปิด 100องศา หน้าบานหนา 1นิ้ว,112.00,ตัว
71T5550,บานพับทับขอบ ถ้วยแบบ SCREW-ON เปิด 120องศา หน้าบานหนา 6หุน,63.00,ตัว
71T5590B,บานพับทับขอบ ถ้วยแบบ INSERTA เปิด 120องศา หน้าบานหนา 6หุน,85.00,ตัว
75T1550,บานพับทับขอบ ถ้วยแบบ SCREW-ON เปิด 107องศา หน้าบานหนา 6หุน,54.00,ตัว
75T158E,บานพับทับขอบ ถ้วยแบบ EXPANDO มีปุ๊กและสกรู เปิด 107องศา หน้าบานหนา 6 หุน,58.00,ตัว
79T8500,บานพับสำหรับบานต่อเนื่อง ถ้วยแบบ SCREW-ON เปิด 60องศา หน้าบานหนา 6หุน,170.00,ตัว
71T7500B,บานพับทับขอบ ถ้วยแบบ SCREW-ON เปิด 155องศา หน้าบานหนา 6หุน,235.00,ตัว
71T950A,บานพับทับขอบใช้กับเฟรมอลูมิเนียมเฟรมเล็ก เปิด 100องศา,110.00,ตัว
79T9550,บานพับทับขอบมุมลับ/blind corner ถ้วยแบบ SCREW-ON เปิด 95องศา หน้าบานหนา 6 หุน,129.00,ตัว
173L6130,ตัวหนุนขาบานพับแบบปีก สามารถปรับได้ ขนาด 0มม.,10.00,ตัว
79A9557.T,บานพับทับขอบเข้ามุม 37องศา ถ้วยแบบ SCREW-ON เปิด 95องศา หน้าบานหนา 6หุน,129.00,ตัว
90M2203,ฝาบิดขาบานพับพลาสติกสีดำ,3.00,ตัว
71M2590B,บานพับทับขอบ ถ้วยแบบ INSERTA เปิด 100องศา หน้าบานหนา 6หุน,69.00,ตัว
71M2690B,บานพับครึ่งขอบ ถ้วยแบบ INSERTA เปิด 100องศา หน้าบานหนา 6หุน,70.00,ตัว
71M2550,บานพับทับขอบ ถ้วยแบบ SCREW-ON เปิด 100องศา หน้าบานหนา 6หุน,52.00,ตัว
71M2650,บานพับครึ่งขอบ ถ้วยแบบ SCREW-ON เปิด 100องศา หน้าบานหนา 6หุน,53.00,ตัว
71M2750,บานพับในขอบ ถ้วยแบบ SCREW-ON เปิด 100องศา หน้าบานหนา 6หุน,54.00,ตัว
71M258E,บานพับทับขอบ ถ้วยแบบ EXPANDO เปิด 100องศา หน้าบานหนา 6หุน,54.00,ตัว
71M268E,บานพับครึ่งขอบ ถ้วยแบบ EXPANDO เปิด 100องศา หน้าบานหนา 6หุน,55.00,ตัว
71M278E,บานพับในขอบ ถ้วยแบบ EXPANDO เปิด 100องศา หน้าบานหนา 6หุน,56.00,ตัว
71.655,บานพับทับขอบ ถ้วยแบบ SCREW-ON เปิด 170องศา หน้าบานหนา 6หุน,125.00,ตัว
80.6107,ฝาปิดขาบานพับพลาสติกสีดำ,3.50,ตัว
79A9658,บานพับทับขอบเข้ามุม 45องศา ถ้วยแบบ SCREW-ON เปิด 95องศา หน้าบานหนา 6หุน,129.00,ตัว
90M2203,ฝาปิดขาบานพับพลาสติกสีดำ,3.00,ตัว
75T4100,บานพับกระจกทับขอบ รุ่น CLIP top เปิด 94องศา,118.00,ตัว
75T4300,บานพับกระจกในขอบ รุ่น CLIP top เปิด 94องศา,120.00,ตัว
*95M4100,บานพับกระจกในขอบ รุ่น MODUL เปิด 94องศา,67.00,ตัว
84.412CRP,แป้นหน้ากระจก สีเงินเงา ครึ่งวงรี,54.00,อัน
84.414CRP,แป้นหน้ากระจก สีเงินเงา วงกลม,54.00,อัน
84.415CRP,แป้นหน้ากระจก สีเงินเงา วงรี,54.00,อัน
84.412G,แป้นหน้ากระจก สีทองเงา ครึ่งวงรี,69.00,อัน
84.414G,แป้นหน้ากระจก สีทองเงา วงกลม,69.00,อัน
84.415G,แป้นหน้ากระจก สีทองเงา วงรี,69.00,อัน
79C4500BT,บานพับกระจก เปิด 125องศา ใช้กับกระจกหนา 6-10มม.,307.00,ตัว
78C4568,แป้นติดกระจก ขนาด 28x60มม.,173.00,ตัว
173L6100,ตัวหนุนขาบานพับแบบปีก สามารถปรับได้ ขนาด 0มม.,8.00,ตัว
173L6130,ตัวหนุนขาบานพับแบบปีก สามารถปรับได้ ขนาด 3มม.,10.00,ตัว
173L8300,ตัวหนุนขาบานพับแบบปีก สามารถปรับได้ ขนาด 0มม. (ระยะรูเจาะ 28/32มม.),15.00,ตัว
173L8330,ตัวหนุนขาบานพับแบบปีก สามารถปรับได้ ขนาด 3มม. (ระยะรูเจาะ 28/32มม.),16.50,ตัว
174E6100.01,ตัวหนุนขาบานพับแบบปีก มีปุ๊กและสกรูในตัว สามารถปรับได้ ขนาด 0มม.,13.50,ตัว
175H7100,ตัวหนุนขาบานพับแบบปีก แบบสองชั้น สามารถปรับได้ ขนาด 0มม.,29.00,ตัว
177H5100,ตัวหนุนขาพับแบบตรง มีปุ๊ก Ø 10มม. และสกรู สามารถปรับได้ ขนาด 0มม.,31.00,ตัว
9M2550,บานพับทับขอบ ถ้วยแบบ SCREW-ON เปิด 100องศา หน้าบานหนา 6หุน,31.00,ตัว
91M2650,บานพับครึ่งขอบ ถ้วยแบบ SCREW-ON เปิด 100องศา หน้าบานหนา 6หุน,32.00,ตัว
91M2750,บานพับในขอบ ถ้วยแบบ SCREW-ON เปิด 100องศา หน้าบานหนา 6หุน,33.00,ตัว
91M9550,บานพับทับขอบ ถ้วยแบบ SCREW-ON เปิด 100องศา หน้าบานหนา 1นิ้ว,68.00,ตัว
91M9650,บานพับครึ่งขอบ ถ้วยแบบ SCREW-ON เปิด 100องศา หน้าบานหนา 1 นิ้ว,69.00,ตัว
91M9750,บานพับในขอบ ถ้วยแบบ SCREW-ON เปิด 100องศา หน้าบานหนา 1นิ้ว,70.00,ตัว
*91M0550,บานพับทับขอบ ถ้วยแบบ SCREW-ON Ø 26มม. เปิด 100องศา,70.00,ตัว
91A6550,บานพับทับขอบ ถ้วยแบบ SCREW-ON เปิด 170องศา หน้าบานหนา 6 หุน,91.50,ตัว
80.6107,ฝาปิดขาบานพับพลาสติกสีดำ,3.50,ตัว
193L6100,ตัวหนุนขาบานพับแบบปีก สามารถปรับได้ ขนาด 0มม.,10.00,ตัว
193L6130,ตัวหนุนขาบานพับแบบปีก สามารถปรับได้ ขนาด 3มม.,11.00,ตัว
*194E6100,ตัวหนุนขาบานพับแบบปีกมีปุ๊กและสกูรในตัว สามารถปรับได้ ขนาด 0มม.,13.75,ตัว
*194E6130,ตัวหนุนขาบานพับแบบปีกมีปุ๊กและสกูรในตัว สามารถปรับได้ ขนาด 3มม.,15.25,ตัว
*195.5130,ตัวหนุนขาบานพับตรง ขนาด 3มม.,10.00,ตัว
*199.8130,ตัวหนุนขาบานพับแบบปีกพร้อมยูโรสกูร สามารถปรับได้ ขนาด 3มม. (ใช้กับบานพับ 99M9550),39.00,ตัว
70.1503,ฝาปิดขาบานพับ ทำด้วยโลหะสีเงิน ใช้กับบานพับรุ่น CLIP top ,4.75,ตัว
70T1504,ฝาครอบถ้วยบานพับ ทำด้วยโลหะสีเงิน ใช้กับบานพับรุ่น CLIP top ,5.75,ตัว
80.6507,ฝาปิดขาบานพับ ทำด้วยโลหะสีเงิน ใช้กับบานพับฯ 155/170องศา,4.25,ตัว
90M2503,ฝาปิดขาบานพับ ทำด้วยโลหะสีเงิน ทับขอบ บาน 100,3.75,ตัว
90M2503.BP,"ฝาปิดขาบานพับ ทำด้วยโลหะสีเงิน มีโลโก้ ""blum""",3.75,ตัว
90M2603,ฝาปิดขาบานพับ ทำด้วยโลหะสีเงิน ,3.75,ตัว
94M3603,ฝาปิดขาบานพับ ทำด้วยโลหะสีเงิน ครึ่งขอบ / ในขอบ บาน 100,3.75,ตัว
80.6107,ฝาปิดขาบานพับ ทำด้วยพลาสติกสีดำ ใช้กับบานพับฯ 155/170องศา,3.50,ตัว
90M2103,ฝาปิดขาบานพับ ทำด้วยโลหะสีดำ,3.00,ตัว
90M2203,ฝาปิดขาบานพับ ทำด้วยโลหะสีดำ,3.00,ตัว
94M3203,ฝาปิดขาบานพับ ทำด้วยโลหะสีดำ,3.00,ตัว
970.1002,ปุ่มกันชนหน้าบานสีเทา แบบเจาะฝัง (Ø 10มม. เจาะลึก 50 มม.),99.00,ตัว
970A1002,ปุ่มกันชนหน้าบานสีเทา แบบเจาะฝัง (Ø 10มม. เจาะลึก 50 มม.),99.00,ตัว
970.1501,ปีกใส่ปุ่มกันชนสีเทา,9.50,ตัว
970.1201,ปีกใส่ปุ่มกันชนสีเทา แบบขาตรง,12.50,ตัว
971A2500,ปุ่มกันชนหน้าบานแบบติดข้างตู้ สามารถปรับแข็ง-อ่อนได้ (ติดระยะเดียวกับตัวหนุนฯ),125.00,ตัว
973A0500.01,ปุ่มกันชนหน้าบานแบบสวมติดกับบานพับ ใช้กับบานพับรุ่น CLIP top บานทับขอบ,99.00,ตัว
973A0600,ปุ่มกันชนหน้าบานแบบสวมติดกับบานพับ ใช้กับบานพับรุ่น CLIP top บานครึ่งขอบ,100.00,ตัว
973A0700,ปุ่มกันชนหน้าบานแบบสวมติดกับบานพับ ใช้กับบานพับรุ่น CLIP top บานในขอบ,101.00,ตัว
65.059,อุปกรณ์ทาบระยะเจาะรูถ้วยบานพับ/รูตัวหนุนขาบานพับ (Pre-Drill),990.00,อัน
65.5,อุปกรณ์ทาบเจาะรูปุ่มกันชนหน้าบาน รุ่น 970.1002,"2,990.00",อัน
65.501,อุปกรณ์ทาบเจาะรูปุ่มกันชนหน้าบาน รุ่น 970A1002,"1,000.00",อัน
65.33,"อุปกรณ์ทาบระยะติดตั้งรางลิ้นชัก (ใช้กับรางปรับได้ 230M,430E และ Metabox)",609.00,อัน
T65.5000.01,อุปกรณ์ทาบระยะติดตั้งรางลิ้นชัก (ใช้กับราง TANDEM และ TANDEMBOX),"13,000.00",อัน
955.1004,ตัวกดกระเด้งใช้กับพับ แบบเจาะฝัง (Ø 10มม. เจาะลึก 50มม.) ใช้ได้กับบานพับไม่มีสปริงเท่านั้น,229.00,ชุด
955A1004,ตัวกดกระเด้งใช้กับพับ แบบเจาะฝัง (Ø 10มม. เจาะลึก 76มม.) ใช้ได้กับบานพับไม่มีสปริงเท่านั้น,269.00,ชุด
955.1201,ปีกใส่ตัวกดกระเด้ง แบบขาตรง ทำด้วยไนลอนสีเทา,79.00,อัน
955.1501,ปีกใส่ตัวกดกระเด้ง ทำด้วยไนลอนสีเทา,69.00,อัน
70M2550.TL,บานพับทับขอบ ถ้วยแบบ SCREW-ON ไม่มีสปริง เปิด 100องศา (ใช้กับตัวกดกระเด้ง),52.00,ตัว
230M3000,รางลิ้นชักรับใต้ตอนเดียวเคลือบอิพ๊อกซี่สีครีม ยาว 30ซม./12นิ้ว,149.00,ชุด
230M3500,รางลิ้นชักรับใต้ตอนเดียวเคลือบอิพ๊อกซี่สีครีม ยาว 35ซม./14นิ้ว,149.00,ชุด
230M4000,รางลิ้นชักรับใต้ตอนเดียวเคลือบอิพ๊อกซี่สีครีม ยาว 40ซม./16นิ้ว,155.00,ชุด
230M4500,รางลิ้นชักรับใต้ตอนเดียวเคลือบอิพ๊อกซี่สีครีม ยาว 45ซม./18นิ้ว,159.00,ชุด
230M5000,รางลิ้นชักรับใต้ตอนเดียวเคลือบอิพ๊อกซี่สีครีม ยาว 50ซม./20นิ้ว,165.00,ชุด
230M5500,รางลิ้นชักรับใต้ตอนเดียวเคลือบอิพ๊อกซี่สีครีม ยาว 55ซม./22นิ้ว,189.00,ชุด
296.45,เหล็กฉากยึดหน้าบานเคลือบอิพ๊อกซี่สีครีม ด้านซ้าย/ขวา,309.00,ชุด
430E3500V,รางลิ้นชักสองตอนรับใต้เคลือบอิพ๊อกซี่สีครีม ยาว 35ซม./14นิ้ว,679.00,ชุด
430E4000V,รางลิ้นชักสองตอนรับใต้เคลือบอิพ๊อกซี่สีครีม ยาว 40ซม./16นิ้ว,689.00,ชุด
430E4500V,รางลิ้นชักสองตอนรับใต้เคลือบอิพ๊อกซี่สีครีม ยาว 45ซม./18นิ้ว,709.00,ชุด
430E5000V,รางลิ้นชักสองตอนรับใต้เคลือบอิพ๊อกซี่สีครีม ยาว 50ซม./20นิ้ว,729.00,ชุด
270E4500.02,รางเลื่อนแบบซ่อนเก็บหน้าบานได้ ด้านซ้าย ยาว 45ซม./18นิ้ว,"1,145.00",ข้าง
270E4500.03,รางเลื่อนแบบซ่อนเก็บหน้าบานได้ ด้านขวา ยาว 45ซม./18นิ้ว,"1,145.00",ข้าง
270E5000.02,รางเลื่อนแบบซ่อนเก็บหน้าบานได้ ด้านซ้าย ยาว 50ซม./20นิ้ว,"1,150.00",ข้าง
270E5000.03,รางเลื่อนแบบซ่อนเก็บหน้าบานได้ ด้านขวา ยาว 50ซม./20นิ้ว,"1,150.00",ข้าง
270E5500.02,รางเลื่อนแบบซ่อนเก็บหน้าบานได้ ด้านซ้าย ยาว 55ซม./22นิ้ว,"1,155.00",ข้าง
270E5500.03,รางเลื่อนแบบซ่อนเก็บหน้าบานได้ ด้านขวา ยาว 55ซม./22นิ้ว,"1,155.00",ข้าง
270E6000.02,รางเลื่อนแบบซ่อนเก็บหน้าบานได้ ด้านซ้าย ยาว 60ซม./24นิ้ว,"1,160.00",ข้าง
270E6000.03,รางเลื่อนแบบซ่อนเก็บหน้าบานได้ ด้านขวา ยาว 60ซม./24นิ้ว,"1,160.00",ข้าง
48N0510.02,ตัวแขวนตู้ลอยทำด้วยไนลอนสีครีม ด้านขวา,55.00,อัน
48N0510.03,ตัวแขวนตู้ลอยทำด้วยไนลอนสีครีม ด้านซ้าย,55.00,อัน
BC090,แผ่นเหล็กใช้แขวนตัวแขวนตู้,6.50,อัน
42.0700.01,อุปกรณ์แยกชิ้นส่วนสีน้ำตาล  Ø 25มม. พร้อมเดือยเหล็ก M5 ยาว 27มม.,14.00,ชุด
42.0110.01,อุปกรณ์แยกชิ้นส่วนสีครีม Ø 25มม.,9.00,ตัว
42.072,เดือยเหล็ก M5 ยาว 27มม.,5.00,ตัว
*40.4001B,อุปกรณ์แยกชิ้นส่วนสีน้ำตาล  Ø 28มม. (รับชั้น),5.00,ตัว
*41.5400B,ผ้าปิดพลาสติกสีน้ำตาล,2.00,ตัว
*653.1450,เดือยเหล็ก M6 ยาว 14.50มม.,8.50,ตัว
*41.1100,ปุ๊กไนลอน Ø 10มม. ยาว 11.50มม.,2.00,ตัว
*46.1100,ขาตู้ปรับระดับได้ สูง 10ซม. พร้อมกับ 46.1004 CLIP และ 46.1005 PLATE,50.00,ชุด
295.1,ตัวปรับหน้าบานลิ้นชักแบบเจาะฝัง Ø 20มม. (ไม่รวมสกูร),17.00,อัน
*320M0048,ตัวเสริมพลาสติกสีครีมหนา 4มม. ใช้หนุนรางลิ้นชัก,8.75,อัน
298.22,ตัวป้องกันหน้าบานใช้กับลิ้นชักแบบ Pull-out Surround (สินค้าสั่งพิเศษ),135.00,อัน
661.1150.HG,สกูรยึดรางลิ้นชัก รู Ø 6มม. หัวสกูร Ø 8มม. ยาว 11.50มม.,1.75,ตัว
662.1150.HG,สกูรยึดรางลิ้นชัก รู Ø 6มม. หัวสกูร Ø 7มม. ยาว 11.50มม.,1.75,ตัว
320M2700C,รางฯตอนเดียวพร้อมข้างลิ้นชักสีครีม ยาว 27ซม./10.50นิ้ว (ซ้าย/ขวา)         พร้อมตัวยึดฯ และฝาปิด,367.00,ชุด
320M3500C,รางฯตอนเดียวพร้อมข้างลิ้นชักสีครีม ยาว 35ซม./14นิ้ว (ซ้าย/ขวา)              พร้อมตัวยึดฯ และฝาปิด,367.00,ชุด
320M4000C,รางฯตอนเดียวพร้อมข้างลิ้นชักสีครีม ยาว 40ซม./16นิ้ว (ซ้าย/ขวา)              พร้อมตัวยึดฯ และฝาปิด,373.00,ชุด
320M4500C,รางฯตอนเดียวพร้อมข้างลิ้นชักสีครีม ยาว 45ซม./18นิ้ว (ซ้าย/ขวา)              พร้อมตัวยึดฯ และฝาปิด,383.00,ชุด
320M5000C,รางฯตอนเดียวพร้อมข้างลิ้นชักสีครีม ยาว 50ซม./20นิ้ว (ซ้าย/ขวา)               พร้อมตัวยึดฯ และฝาปิด,388.00,ชุด
320M5000C.WA,รางฯตอนเดียวพร้อมข้างลิ้นชักสีเทา  ยาว 50ซม./20นิ้ว (ซ้าย/ขวา)          พร้อมตัวยึดฯ และฝาปิด,406.00,ชุด
320M2700C+IN,รางฯตอนเดียวพร้อมข้างลิ้นชักสีครีม ยาว 27ซม./10.50นิ้ว (ซ้าย/ขวา)         พร้อมตัวยึดฯ ,413.00,ชุด
320M3500C+IN,รางฯตอนเดียวพร้อมข้างลิ้นชักสีครีม ยาว 35ซม./14นิ้ว (ซ้าย/ขวา)              พร้อมตัวยึดฯ ,413.00,ชุด
320M4000C+IN,รางฯตอนเดียวพร้อมข้างลิ้นชักสีครีม ยาว 40ซม./16นิ้ว (ซ้าย/ขวา)              พร้อมตัวยึดฯ ,419.00,ชุด
320M4500C+IN,รางฯตอนเดียวพร้อมข้างลิ้นชักสีครีม ยาว 45ซม./18นิ้ว (ซ้าย/ขวา)              พร้อมตัวยึดฯ ,429.00,ชุด
320M5000C+IN,รางฯตอนเดียวพร้อมข้างลิ้นชักสีครีม ยาว 50ซม./20นิ้ว (ซ้าย/ขวา)               พร้อมตัวยึดฯ ,434.00,ชุด
320N4500C,รางลิ้นชักตอนเดียวพร้อมข้างลิ้นชักสีครีม ยาว 45ซม./18นิ้ว (ซ้าย/ขวา)              พร้อมตัวยึดฯ ,495.00,ชุด
320N5000C,รางลิ้นชักตอนเดียวพร้อมข้างลิ้นชักสีครีม ยาว 50ซม./20นิ้ว (ซ้าย/ขวา)              พร้อมตัวยึดฯ ,505.00,ชุด
320N4500C+IN,รางลิ้นชักตอนเดียวพร้อมข้างลิ้นชักสีครีม ยาว 45ซม./18นิ้ว (ซ้าย/ขวา)              พร้อมตัวยึดฯ ,471.00,ชุด
320N5000C+IN,รางลิ้นชักตอนเดียวพร้อมข้างลิ้นชักสีครีม ยาว 50ซม./20นิ้ว (ซ้าย/ขวา)              พร้อมตัวยึดฯ ,481.00,ชุด
ZSF.1510.04/ZSF.1510.05,ตัวยึดหน้าบานทำด้วยเหล็กชุบนิกเกิล ด้านขวา/ซ้ายใช้กับ 320N                         2x77 = ,154.00,คู่
ZSF.1700.04/ZSF.1700.05,ตัวยึดหน้าบานทำด้วยเหล็กชุบนิกเกิล ด้านขวา/ซ้ายใช้กับ 320M                     2x77 = ,54.00,คู่
ZIF.3000.02/ZIF.3000.03,ตัวยึดหน้าบานทำด้วยไนลอนสีครีม ขวา/ซ้ายใช้กับ 320M ลิ้นชักซ่อน          2x58 = ,116.00,คู่
ZIF.3010.02/ZIF.3010.03,ตัวยึดหน้าบานทำด้วยไนลอนสีครีม ขวา/ซ้ายใช้กับ 320N  ลิ้นชักซ่อน          2x65 = ,130.00,คู่
ZAA.3500,ฝาปิดพลาสติกสีครีม,8.00,อัน
ZAA.3500.WA,ฝาปิดพลาสติกเทา,8.00,อัน
*ZSD.1200S,คิ้วพีวีซีสีครีม / Controured Profile ยาวเส้นละ 1.20ม. สามารถตัดได้,99.00,ชุด
*ZRE.371S.ID,ชุดราวเสริมข้างลิ้นชักสีครีมใช้กับรางยาว 40ซม.,235.00,ชุด
ZRE.421S.ID,ชุดราวเสริมข้างลิ้นชักสีครีมใช้กับรางยาว 45ซม.,240.00,ชุด
ZRE.471S.ID,ชุดราวเสริมข้างลิ้นชักสีครีมใช้กับรางยาว 50ซม.,250.00,ชุด
ZRG.1104U,ราวกั้นตามขวางสีครีม ยาว 1104มม. สามรถตัดได้,146.00,เส้น
ZRU.00F0,ตัวกั้นขวดสีครีม,31.00,อัน
ZRU.00Z0.01,ตัวแบ่งช่องตามขวาง สีครีม,60.00,อัน
ZTU.00D0,หลักยึดราว 3ชั้น สูง 137มม. สีครีม,78.00,อัน
ZTU.00Z0,หลักยึดราว 2ชั้น สูง 87มม. สีครีม,63.00,อัน
ZRM.5500,ชุดราวแขวนแฟ้มสีครีม ยาว 55ซม. สามารถตัดได้,455.00,ชุด
ZRE.471S.WA,ชุดราวเสริมข้างลิ้นชักสีเทาใช้กับราวยาว 50ซม.,265.00,ชุด
ZRG.1094U.WA,ราวกั้นตามขวางสีเทา ยาว 1094มม. สามารถตัดได้,120.00,เส้น
ZRU.00F0.G,ตัวกั้นขวดสีเทา,31.00,อัน
ZRU.00Z0.01G,ตัวกั้นแบ่งช่องตามขวาง สีเทา,60.00,อัน
ZTU.00D0.G,หลักยึดราว 3ชั้น สูง 137มม. สีเทา,78.00,อัน
ZTU.00Z0.G,หลักยึดราว 2ชั้น สูง 87มม. สีเทา,63.00,อัน
550H2700.03,รางตอนเดียว ยาว 27ซม/10.50นิ้ว     (ซ้าย/ขวา) ไม่มี BLUEMOTION พร้อมตัวล็อกกล่องลิ้นชักสีส้ม,415.00,ชุด
550H3000.03,รางตอนเดียว ยาว 30ซม/12นิ้ว          (ซ้าย/ขวา) ไม่มี BLUEMOTION พร้อมตัวล็อกกล่องลิ้นชักสีส้ม,415.00,ชุด
550H3500.03,รางตอนเดียว ยาว 35ซม/14นิ้ว          (ซ้าย/ขวา) ไม่มี BLUEMOTION พร้อมตัวล็อกกล่องลิ้นชักสีส้ม,415.00,ชุด
550H4000.03,รางตอนเดียว ยาว 40ซม/16นิ้ว          (ซ้าย/ขวา) ไม่มี BLUEMOTION พร้อมตัวล็อกกล่องลิ้นชักสีส้ม,425.00,ชุด
550H4500.03,รางตอนเดียว ยาว 45ซม/18นิ้ว          (ซ้าย/ขวา) ไม่มี BLUEMOTION พร้อมตัวล็อกกล่องลิ้นชักสีส้ม,436.00,ชุด
550H5000.03,รางตอนเดียว ยาว 50ซม/20นิ้ว          (ซ้าย/ขวา) ไม่มี BLUEMOTION พร้อมตัวล็อกกล่องลิ้นชักสีส้ม,446.00,ชุด
560H2700C,รางฯสองตอน ยาว 27ซม/10.50นิ้ว     (ซ้าย/ขวา) ไม่มี BLUEMOTION พร้อมตัวล็อกกล่องลิ้นชักสีส้ม,761.00,ชุด
560H3000C,รางฯสองตอน ยาว 30ซม/12นิ้ว          (ซ้าย/ขวา) ไม่มี BLUEMOTION พร้อมตัวล็อกกล่องลิ้นชักสีส้ม,761.00,ชุด
560H3500C,รางฯสองตอน ยาว 35ซม/14นิ้ว          (ซ้าย/ขวา) ไม่มี BLUEMOTION พร้อมตัวล็อกกล่องลิ้นชักสีส้ม,761.00,ชุด
560H4000C,รางฯสองตอน ยาว 40ซม/16นิ้ว          (ซ้าย/ขวา) ไม่มี BLUEMOTION พร้อมตัวล็อกกล่องลิ้นชักสีส้ม,771.00,ชุด
560H4500C,รางฯสองตอน ยาว 45ซม/18นิ้ว          (ซ้าย/ขวา) ไม่มี BLUEMOTION พร้อมตัวล็อกกล่องลิ้นชักสีส้ม,781.00,ชุด
560H5000C,รางฯสองตอน ยาว 50ซม/20นิ้ว          (ซ้าย/ขวา) ไม่มี BLUEMOTION พร้อมตัวล็อกกล่องลิ้นชักสีส้ม,801.00,ชุด
560H2700B,รางฯสองตอน ยาว 27ซม/10.50นิ้ว     (ซ้าย/ขวา) มี BLUEMOTION พร้อมตัวล็อกกล่องลิ้นชักสีส้ม,"1,071.00",ชุด
560H3000B,รางฯสองตอน ยาว 30ซม/12นิ้ว          (ซ้าย/ขวา) มี BLUEMOTION พร้อมตัวล็อกกล่องลิ้นชักสีส้ม,"1,071.00",ชุด
560H3500B,รางฯสองตอน ยาว 35ซม/14นิ้ว          (ซ้าย/ขวา) มี BLUEMOTION พร้อมตัวล็อกกล่องลิ้นชักสีส้ม,"1,071.00",ชุด
560H4000B,รางฯสองตอน ยาว 40ซม/16นิ้ว          (ซ้าย/ขวา) มี BLUEMOTION พร้อมตัวล็อกกล่องลิ้นชักสีส้ม,"1,091.00",ชุด
560H4500B,รางฯสองตอน ยาว 45ซม/18นิ้ว          (ซ้าย/ขวา) มี BLUEMOTION พร้อมตัวล็อกกล่องลิ้นชักสีส้ม,"1,101.00",ชุด
560H5000B,รางฯสองตอน ยาว 50ซม/20นิ้ว          (ซ้าย/ขวา) มี BLUEMOTION พร้อมตัวล็อกกล่องลิ้นชักสีส้ม,"1,111.00",ชุด
566H4500B,รางฯสองตอน ยาว 45ซม/18นิ้ว          (ซ้าย/ขวา) มี BLUEMOTION พร้อมตัวล็อกกล่องลิ้นชักสีส้ม,"1,641.00",ชุด
566H5000B,รางฯสองตอน ยาว 50ซม/20นิ้ว          (ซ้าย/ขวา) มี BLUEMOTION พร้อมตัวล็อกกล่องลิ้นชักสีส้ม,"1,651.00",ชุด
T51.1700.04L/R,ตัวล็อกกล่องลิ้นชักสีส้ม ด้านซ้าย/ขวา                                                                                   2x36 =,72.00,คู่
T51.7000,ตัวยึดลิ้นชักด้านหลัง สำหรับตะแกรง (Pull-out Surround),12.75,อัน
T55.1151L/R,TIP-ON อุปกรณ์กดกระเด้ง ด้ายซ้าย/ขวาใช้กับราง 550Hxxxx.03 เท่านั้น                           2x199 =,398.00,คู่
T55.7151L/R,TIP-ON อุปกรณ์กดกระเด้ง ด้ายซ้าย/ขวาใช้กับราง 560Hxxxxc เท่านั้น                              2x199 =,398.00,คู่
*557.4501AL/R,รางลิ้นชักสองตอน ยาว 45ซม/80กก. ไม่มี BLUEMOTION ด้านซ้าย/ขวา (สินค้าสั่งพิเศษ)         (MIN.6ชุด),"1,575.00",ชุด
*557.5001AL/R,รางลิ้นชักสองตอน ยาว 50ซม/80กก. ไม่มี BLUEMOTION ด้านซ้าย/ขวา (สินค้าสั่งพิเศษ)         (MIN.6ชุด),"1,580.00",ชุด
558.4501B01,รางลิ้นชักสองตอน ยาว 45ซม/80กก.  มี BLUEMOTION ด้านซ้าย/ขวา (สินค้าสั่งพิเศษ)             (MIN.12ชุด),769.00,ชุด
559.4501BL/R,รางลิ้นชักสองตอน ยาว 45ซม/80กก.  มี BLUEMOTION ด้านซ้าย/ขวา (สินค้าสั่งพิเศษ)             (MIN.12ชุด),919.00,ชุด
558.5001AL/R,รางลิ้นชักสองตอน ยาว 50ซม/30กก. ไม่มี BLUEMOTION               ซ้าย/ขวา           2อัน   x     200.00,400.00,คู่
559.5001AL/R,รางลิ้นชักสองตอน ยาว 50ซม/50กก. ไม่มี BLUEMOTION                   ซ้าย/ขวา           2อัน   x     270.00,540.00,คู่
558.5001BL/R,รางลิ้นชักสองตอน ยาว 50ซม/30กก.  มี BLUEMOTION                   ซ้าย/ขวา           2อัน   x     421.00,842.00,คู่
559.5001BL/R,รางลิ้นชักสองตอน ยาว 50ซม/50กก.  มี BLUEMOTION                       ซ้าย/ขวา           2อัน   x     491.00,982.00,คู่
ZAA.230N.02L/R,ฝาปิดสีเทา                                                                                                ซ้าย/ขวา           2อัน   x        7.50,15.00,คู่
ZAA.330C,ฝาปิดสีเทา                                                                                   ,7.50,อัน
ZAA.430C,ฝาปิดสีเทา (ใช้กับข้างลิ้นชักรุ่น F Version รหัส 358M5002IF เท่านั้น)                                                                                  ,7.50,อัน
ZSF.350.02,ตัวยึดหน้าบานไม่มีปุ๊ก,39.00,อัน
ASF.3902,ตัวยึดหน้าบานมีปุ๊ก Ø 10มม.,39.00,อัน
ZIF.70M0L/R,ตัวยึดหน้าบานลิ้นชักช่อนฯ สีเทาใช้กับลิ้นชักไม่มีราวเสริม                ซ้าย/ขวา            2อัน  x      64.00,128.00,คู่
ZIF.72B0L/R,ตัวยึดหน้าบานลิ้นชักช่อนฯ สีเทาใช้กับลิ้นชักมีราวเสริม1ชั่น             ซ้าย/ขวา            2อัน  x      69.00,138.00,คู่
ZIF.72D0L/R,ตัวยึดหน้าบานลิ้นชักช่อนฯ สีเทาใช้กับลิ้นชักมีแผ่นปิดข้างลิ้นชัก      ซ้าย/ขวา            2อัน  x      74.00,148.00,คู่
ZIF.73D0L/R,ตัวยึดหน้าบานลิ้นชักช่อนฯ สีเทาใช้กับลิ้นชักมีราวเสริม2ชั้น             ซ้าย/ขวา            2อัน  x      74.00,148.00,คู่
ZIF.7008,มือจับใช้กับลิ้นชักซ่อนฯ ทำด้วยไนลอนสีเทา,97.00,อัน
Z33M00E0A6,"อุปกรณ์ลิ้นชักเข้ามุม ""ลิ้นชักเตี้ย""","1,960.00",ชุด
Z33D00E0A6,"อุปกรณ์ลิ้นชักเข้ามุม ""ลิ้นชักสูง dbl.BOXSIDE""","2,660.00",ชุด
ZRU.00Z0.01G,ตัวกั้นแบ่งช่องตามขวางสีเทา,60.00,อัน
ZRU.00F0.G,ตัวกั้นขวดสีเทา,31.00,อัน
ZRU.10B1E,ตัวยึดราวกั้นตามขวางสีเทา แบบมีสปริง ใช้กับแผ่นปิดข้างลิ้นชัก dbl.BOXSIDE,35.00,อัน
ZRG.000E3,ตัวยึดราวเสริมด้านหลังสีเทม ใช้กับตัวยึดหลัง Z30D สำหรับลิ้นชักที่มีราวเสริม 2ชั้น dbl.Gallery),5.75,อัน
Z30N0002.6Z,ตัวยึดไม้แบ่งหน้าลิ้นชักกับข้างลิ้นชัก ทำด้วยไนลอนสีเทา,99.00,ชุด
Z36H000G302L/R,อุปกรณ์ยึดกระจก (ไม่รวมกระจก) ซ้าย/ขวา 2อัน x 132,264.00,คู่
Z40H000A,ตัวยึดแผ่นกั้นแบ่งช่องตามขวางสีเทา มีสปริง ใช้กับ double BOXSIDE ,89.00,อัน
Z40H0002.R,ตัวยึดแผ่นกั้นแบ่งช่องตามขวางสีเทา ไม่มีสปริง ใช้กับ glass BOXSIDE ,89.00,อัน
297.05,"ฉากตัว ""L"" ทำด้วยโลหะ ใช้ยึดพื้นลิ้นชักกับหน้าบาน ",9.25,อัน
Z31A0008,ตัวยึดพื้นลิ้นชักกับหน้าบาน ใช้กับลิ้นชักซ่อนอยู่ในตู้/inner,13.75,อัน
ZIF.7007,มือจับพร้อมตัวล็อก ใช้กับลิ้นชักซ่อนอยู่ในตู้/inner (ลิ้นชักเตี้ย),300.00,อัน
DYA.2441,"แผ่นซีดีโปรแกรม DYNALOG ""ราคาพิเศษ""","3,250.00",--
Z70.31E3L/R,BLUEMOTION housing สีเทา                                                                         ซ้าย/ขวา     2อัน  x    199.00,398.00,คู่
270.3159.02,BLUEMOTION trigger สีเทา                                                                                              2อัน  x      22.00,44.00,คู่
Z70.51E3L/R,BLUEMOTION housing สีเทา/ส้ม                                                                   ซ้าย/ขวา     2อัน  x    199.00,398.00,คู่
Z70.5159.02,BLUEMOTION trigger สีส้ม                                                                                              2อัน  x      22.00,44.00,คู่
*Z70.8159,BLUEMOTION trigger สีดำใช้กับราง 557.xxxxA (สินค้าสั่งพิเศษ)                                          (MIN.250อัน)                                                                                        ,22.00,อัน
M01.ZB45.02,ดอกสว่าน Ø 45มม. หมุนขวา/สีดำ,"3,125.00",อัน
M01.ZB10.03,ดอกสว่าน Ø 45มม. หมุนขวา/สีแดง,780.00,อัน
*357M4502I,ข้างลิ้นชักสแตนเลสยาว 45ซม/80กก. ด้านซ้าย/ขวา พร้อมฝาปิด (สินค้าสั่งพิเศษ)                   (MIN.6ชุด),"3,050.00",ชุด
*357M5002I,ข้างลิ้นชักสแตนเลสยาว 50ซม/80กก. ด้านซ้าย/ขวา พร้อมฝาปิด (สินค้าสั่งพิเศษ)                   (MIN.6ชุด),"3,100.00",ชุด
358M4502I,ข้างลิ้นชักสแตนเลสยาว 45ซม/30-50กก. ด้านซ้าย/ขวา พร้อมฝาปิด (สินค้าสั่งพิเศษ)       (MIN.6ชุด),"1,249.00",ชุด
358M5002IL/R,ข้างลิ้นชักสแตนเลสยาว 50ซม/30-50กก.                                          ซ้าย/ขวา                 2อัน   x     570.00,"1,140.00",คู่
358M5002IFL/R,ข้างลิ้นชักสแตนเลสรุ่น F-version ยาว 50ซม/30-50กก.                 ซ้าย/ขวา                 2อัน   x     590.00,"1,180.00",คู่
358M5004IGL/R,ข้างลิ้นชักใต้ซิ้งด้านในสแตนเลสยาว 50ซม/30-50กก.                     ซ้าย/ขวา                 2อัน   x     959.00,"1,918.00",คู่
Z30B000S.04NIL/R,ตัวยึดหลังลิ้นชักสีนิกเกิล B-height                                                      ซ้าย/ขวา                  2อัน   x       76.00,152.00,คู่
Z30D000SNIL/R,ตัวยึดหลังลิ้นชักสีนิกเกิล D-height                                                      ซ้าย/ขวา                  2อัน   x     109.00,218.00,คู่
Z30D000S.45NIL/R,ตัวยึดหลังลิ้นชักสีนิกเกิล D-height  ใช้กับลิ้นชักเข้ามุม                     ซ้าย/ขวา                  2อัน   x     140.00,280.00,คู่
Z30M000S.04NIL/R,ตัวยึดหลังลิ้นชักสีนิกเกิล M-height                                                     ซ้าย/ขวา                  2อัน   x      49.00,98.00,คู่
Z30M000S.45NIL/R,ตัวยึดหลังลิ้นชักสีนิกเกิล M-height  ใช้กับลิ้นชักเข้ามุม                     ซ้าย/ขวา                  2อัน   x      69.00,138.00,ค่
Z30N000S.04NIL/R,ตัวยึดไม้แบ่งน้ำหนักลิ้นชัก สีนิกเกิล ใช้กับ Z30N0002.6Z               ซ้าย/ขวา                 2อัน   x      49.00,98.00,คู่
ZRR.5000.NI,ตัวยึดหลังแบบเสริมนิเกิล,45.00,อัน
*ZRG.396V.IC.CR,ราวเสริมข้างลิ้นชักสีโครมฯ ใช้กับรางฯ 45ซม. (สินค้าสั่งพิเศษ)                                       (MIN.100เส้น) ,189.00,เส้น
ZRG.446V.IC.CR,ราวเสริมข้างลิ้นชักสีโครเมี่ยม,175.00,เส้น
Z31A1081A.NI,หน้าลิ้นชักทำด้วยอลูมิเนียมสีโครเมี่ยมยาว 1081มม. ตัดได้,"1,500.00",อัน
Z37H418I.E,แผ่นปิดข้างลิ้นชักทำด้วยสแตนเลสใช้กับรางฯ 45ซม (สินค้าสั่งพิเศษ)                               (MIN.10ชุด) ,"1,490.00",ชุด
Z37H468I.E,"แผ่นปิดข้างลิ้นชัก ""double BOXSIDE"" ทำด้วยสแตนเลส                                  ","1,460.00",ชุด
Z46C470I.E2,แผ่นกั้นในลิ้นชักทำด้วยสแตนเลส                                  ,"2,150.00",อัน
ZRG.1094U.CR,ราวกั้นตามขวางสีโครเมี่ยมยาว 1094มม. ตัดได้,399.00,เส้น
ZFI.30BZI6N,ชุดที่เก็บขวดสแตนเลส สำหรับตู้กว้าง 30ซม.,"6,359.00",ชุด
Z40H277I,แผ่นกั้นแบ่งช่องตามขวาง ทำด้วยสแตนเลส ใช้กับตู้กว้าง 40ซม.,510.00,อัน
Z40H377I,แผ่นกั้นแบ่งช่องตามขวาง ทำด้วยสแตนเลส ใช้กับตู้กว้าง 50ซม.,600.00,อัน
Z40H477I,แผ่นกั้นแบ่งช่องตามขวาง ทำด้วยสแตนเลส ใช้กับตู้กว้าง 60ซม.,650.00,อัน
Z40H548I,แผ่นกั้นแบ่งช่องตามขวาง ทำด้วยสแตนเลส ใช้เก็บอาหารแห้งกับชุดเก็บขวดกว้าง 90ซม.,700.00,อัน
Z40H677I,แผ่นกั้นแบ่งช่องตามขวาง ทำด้วยสแตนเลส ใช้กับตู้กว้าง 80ซม.,900.00,อัน
Z40H777I,แผ่นกั้นแบ่งช่องตามขวาง ทำด้วยสแตนเลส ใช้กับตู้กว้าง 90ซม.,950.00,อัน
Z40H877I,แผ่นกั้นแบ่งช่องตามขวาง ทำด้วยสแตนเลส ใช้กับตู้กว้าง 1.00ม.,"1,000.00",อัน
Z40H1077I,แผ่นกั้นแบ่งช่องตามขวาง ทำด้วยสแตนเลส ใช้กับตู้กว้าง 1.20ม.,1200.00,อัน
Z43H100I.01,แผ่นกั้นแบ่งช่องตามขวาง ทำด้วยสแตนเลส ,270.00,อัน
Z40H277I.R,แผ่นกั้นแบ่งช่องตามขวาง ทำด้วยสแตนเลส ใช้กับตู้กว้าง 40ซม.,510.00,อัน
Z40H377I.R,แผ่นกั้นแบ่งช่องตามขวาง ทำด้วยสแตนเลส ใช้กับตู้กว้าง 50ซม.,600.00,อัน
Z40H477I.R,แผ่นกั้นแบ่งช่องตามขวาง ทำด้วยสแตนเลส ใช้กับตู้กว้าง 60ซม.,650.00,อัน
Z40H677I.R,แผ่นกั้นแบ่งช่องตามขวาง ทำด้วยสแตนเลส ใช้กับตู้กว้าง 80ซม.,900.00,อัน
Z40H777.IR,แผ่นกั้นแบ่งช่องตามขวาง ทำด้วยสแตนเลส ใช้กับตู้กว้าง 90ซม.,950.00,อัน
Z40H877I.R,แผ่นกั้นแบ่งช่องตามขวาง ทำด้วยสแตนเลส ใช้กับตู้กว้าง 1.00ม.,"1,000.00",อัน
Z40H1077I.R,แผ่นกั้นแบ่งช่องตามขวาง ทำด้วยสแตนเลส ใช้กับตู้กว้าง 1.20ม.,1200.00,อัน
Z43H100I.01,แผ่นกั้นแบ่งช่องตามขวาง ทำด้วยสแตนเลส ,270.00,อัน
*ZRI.90B006.CR,ชุดราวกั้นแบ่งช่องฯ (เป็นเส้น) สีโครมเมี่นม ใช้กับตู้กว้าง 60-90ซม. (ตัดได้),"1,210.00",ชุด 
*Z40M5451,แผ่นกั้นแบ่งช่องตามขวาง ทำด้วยสแตนเลส ใช้กับชุดลิ้นชักใต้ซิ้งค์กว้าง 90ซมใ - 1.00ม,435.00,อัน
*358M4502S,ข้างลิ้นชักสีเทายาว 45ซม/30-50กก ด้านซ้าย/ขวา พร้อมฝาปิด (สินค้าสั่งพิเศษ)                    (MIN.6ชุด),709.00,ชุด
358M5002SL/R,ข้างลิ้นชักสีเทายาว 45ซม/30-50กก                                                      ซ้าย/ขวา           2อัน    x    289.00,578.00,คู่
358M5004SGL/R,ข้างลิ้นชักใต้ซิ้งสีเทายาว 50ซม (SINK CABINET II)                        ซ้าย/ขวา           2อัน    x    369.00,738.00,คู่
Z30B000S.04L/R,ตัวยึดหลังลิ้นชักสีนิกเกิล B-height                                                      ซ้าย/ขวา            2อัน   x       39.00,78.00,คู่
Z30D000SL/R,ตัวยึดหลังลิ้นชักสีนิกเกิล D-height                                                      ซ้าย/ขวา           2อัน   x        56.00,112.00,คู่
Z30D000S.45L/R,ตัวยึดหลังลิ้นชักสีนิกเกิล D-height  ใช้กับลิ้นชักเข้ามุม                      ซ้าย/ขวา           2อัน   x        89.00,178.00,คู่
Z30M000S.04L/R,ตัวยึดหลังลิ้นชักสีนิกเกิล M-height                                                     ซ้าย/ขวา            2อัน   x       30.00,60.00,คู่
Z30N000S.04L/R,ตัวยึดไม้แบ่งหน้าลิ้นชัก สีนิกเกิล ใช้กับ Z30N0002.6Z                     ซ้าย/ขวา            2อัน   x       30.00,60.00,คู่
Z30M000S.45L/R,ตัวยึดหลังลิ้นชักสีนิกเกิล M-height  ใช้กับลิ้นชักเข้ามุม                     ซ้าย/ขวา            2อัน   x       52.00,104.00,คู่
ZRR.5000.WA,ตัวยึดหลังแบบเสริมสีเทา,32.00,อัน
*ZRG.396V.IC,ราวเสริมข้างลิ้นชักสีเทา ใช้กับรางฯ 45ซม. (สินค้าสั่งพิเศษ)                                           (MIN.100เส้น) ,89.00,เส้น
ZRG.446V.IC.CR,ราวเสริมข้างลิ้นชักสีเทา,75.00,เส้น
Z31A1081A.WA,หน้าลิ้นชักทำด้วยอลูมิเนียมสีเทายาว 1081มม. ตัดได้,490.00,อัน
*Z37H418S.E,แผ่นปิดข้างลิ้นชักสีเทาใช้กับรางฯ 45ซม (สินค้าสั่งพิเศษ)                                                     (MIN.10ชุด) ,609.00,ชุด
Z37H468S.E,"แผ่นปิดข้างลิ้นชัก ""double BOXSIDE"" ทำด้วยเหล็กเคลือบอิพ๊อกซี่สีเทา                   ",720.00,ชุด
Z46C470S.E2,แผ่นกั้นในลิ้นชักทำด้วยเหล็กเคลือบอิพ๊อกซี่สีเทา                             ,"1,350.00",อัน
ZRG.1094U.WA,ราวกั้นตามขวางสีเทายาว 1094มม. ตัดได้,120.00,เส้น
Z40H177S,แผ่นกั้นแบ่งช่องตามขวาง ทำด้วยเคลือบอิพ๊อกซี่สีเทาใช้กับตู้กว้าง 30ซม.,279.00,อัน
Z40H477S,แผ่นกั้นแบ่งช่องตามขวาง ทำด้วยเคลือบอิพ๊อกซี่สีเทาใช้กับตู้กว้าง 60ซม.,329.00,อัน
Z40H777S,แผ่นกั้นแบ่งช่องตามขวาง ทำด้วยเคลือบอิพ๊อกซี่สีเทาใช้กับตู้กว้าง 90ซม.,460.00,อัน
Z40H1077S,แผ่นกั้นแบ่งช่องตามขวาง ทำด้วยเคลือบอิพ๊อกซี่สีเทาใช้กับตู้กว้าง 1.20ม.,610.00,อัน
Z43H100S.01,แผ่นกั้นแบ่งช่องย่อยเคลือบอิพ๊อกซี่สีเทา,169.00,อัน
Z40H177S.R,แผ่นกั้นแบ่งช่องตามขวาง เคลือบอิพ๊อกซี่สีเทาใช้กับตู้กว้าง 30ซม.,279.00,อัน
Z40H477S.R,แผ่นกั้นแบ่งช่องตามขวาง เคลือบอิพ๊อกซี่สีเทาใช้กับตู้กว้าง 60ซม.,329.00,อัน
Z40H777S.R,แผ่นกั้นแบ่งช่องตามขวาง เคลือบอิพ๊อกซี่สีเทาใช้กับตู้กว้าง 90ซม.,460.00,อัน
Z40H1077S.R,แผ่นกั้นแบ่งช่องตามขวาง เคลือบอิพ๊อกซี่สีเทาใช้กับตู้กว้าง 1.20ซม.,610.00,อัน
Z43H100S.01,แผ่นกั้นแบ่งช่องย่อยเคลือบอิพ๊อกซี่สีเทา,169.00,อัน
ZRI.50B006.WA,ชุดราวกั้นแบ่งช่องฯ (เป็นเส้น) สีGMK ใช้กับตู้กว้าง 45-50ซม. (ตัดได้),559.00,ชุด
ZRI.60B006.WA,ชุดราวกั้นแบ่งช่องฯ (เป็นเส้น) สีGMK ใช้กับตู้กว้าง 45-60ซม. (ตัดได้),579.00,ชุด
*358M5002AL/R,ข้างลิ้นชักทำด้วยอลูมิเนียมยาว 50ซม/30กก                                                         ซ้าย/ขวา           2อัน    x    576.00,"1,152.00",คู่
*RG.446V.AL,ราวเสริมข้างลิ้นชักสีอลูมิเนียม,146.00,เส้น
*ZRG.1094U.AL,ราวกั้นตามขวางสีอลูมิเนียมยาว 1094มม ตัดได้,153.00,เส้น
*Z37H468A.E.,"แผ่นปิดข้างลิ้นชัก ""double BOXSIDE"" ทำด้วยอลูมิเนียม","1,355.00",ชุด
ZSI.500BI3,ถาดใส่ช้อนส้อมสแตนเลสขนาด 28.00ซม x 47.40ซม,"2,450.00",อัน
ZSI.500FI3,ที่แบ่งช่องในลิ้นชักทำด้วยสแตนเลสใช้วางเครื่องครัวขนาด 37.70 x 47.40ซม,"1,850.00",อัน
ZSI.500MI3,ถาดใส่ช้อนส้อมสแตนเลสขนาด 29.70 x 47.40ซม,"3,350.00",อัน
ZSI.500KI2N,ถาดใส่ช้อนส้อมสแตนเลสขนาด 20.00 x 47.40ซม,"2,190.00",อัน
ZSI.500KI4,ถาดใส่ช้อนส้อมสแตนเลสขนาด 37.70 x 47.40ซม,"3,150.00",อัน
ZTH.0350,ที่เก็บจาน,"2,375.00",อัน
ZSZ.02M0,ที่เก็บมีด,"1,059.00",อัน
ZFZ.30G0I,ที่เก็บเครื่องปรุง ใช้กับตู้กว้าง 30ซม,750.00,อัน
ZFZ.40G0I,ที่เก็บเครื่องปรุง ใช้กับตู้กว้าง 40ซม,970.00,อัน
ZFZ.45G0I,ที่เก็บเครื่องปรุง ใช้กับตู้กว้าง 45ซม,"1,129.00",อัน
Z48.30B0I6,ถาดวางขวดทำด้วยสแตนเลสใช้กับตู้กว้าง 30ซม,"2,149.00",อัน
993.0830.01,ปุ่มเว้นระยะติดหน้าบาน Ø 8มม,29.00,อัน
Z10A3000.01,ตัดกดกระเด้งใช้ไฟฟ้า,"3,190.00",อัน
Z10D01E2.01,ตัวยึดแผ่นอลูมิเนียมยึดบน,59.00,อัน
Z10D01E1,ตัวยึดแผ่นอลูมิเนียมยึดพื้นตู้,59.00,อัน
Z10D01EA,ตัวยึดแผ่นอะลูมิเนี้ยยึดหลังตู้/พื้นตู้ พร้อมฝาปิด,199.00,ชุด
Z10T770AA,แผ่นอลูมิเนียมใช้ติดตัวกดกระเด้งยาว 77ซม พร้อมสายไฟ (ตัดได้),"1,669.00",อัน
Z10K1HMA,สายไฟสีดำ (ยาวม้วนละ 100ม),129.00,ม.
Z10M200E,ปลั๊กไฟ 2ขา พร้อมสายไฟยาว 20ซม,299.00,อัน
Z10M200U,ปลั๊กไฟ 3ขา พร้อมสายไฟยาว 20ซม,299.00,อัน
Z10NE050.01,หม้อแปลง INPUT VOLTAGE 100-240VAC/OUTPUT VOLAGATE 24VAC,"5,299.00",อัน
Z10NG000,กล่องเก็บหม้อแปลงฝังกับพื้นตู้,299.00,อัน
Z10NG100,กล่องเก็บหม้อแปลงยึดติดหลังตู้,299.00,อัน
Z10V1000,ตัวเชื่อมต่อสายไฟ,219.00,อัน
Z10K0009,ตัวเก็บสายไฟ,39.00,อัน
Z10K0008,ตัวปิดสายไฟ,19.00,อัน
Z10K120S,สายเชื่อมต่อตัวกดกระเด้ง,419.00,อัน
Z10D7101,ฐานติดตัวกดกระเด้ง ใช้กับลิ้นชักใต้ซิ้งค์แบบเตี้ย,539.00,อัน
Z10D7201,ฐานติดตัวกดกระเด้ง ใช้กับลิ้นชักใต้ซิ้งค์แบบสูง,639.00,อัน
ZST.0BAL.L,Slide Stabiliser ตัวกันลิ้นชักโครง ด้านซ้าย                                                                  (MIN.100อัน),119.00,อัน
ZST.0BAL.R,Slide Stabiliser ตัวกันลิ้นชักโครง ด้านขวา                                                                  (MIN.100อัน),119.00,อัน
ZST.4500BZL,รางติดข้างตู้ยาว 45ซม ด้านซ้าย ใช้กับตัวกันโครง                                                        (MIN.100อัน),390.00,อัน
ZST.4500BZR,รางติดข้างตู้ยาว 45ซม ด้านขวา ใช้กับตัวกันโครง                                                        (MIN.100อัน),390.00,อัน
ZST.5000BZL,รางติดข้างตู้ยาว 50ซม ด้านซ้าย ใช้กับตัวกันโครง                                                        (MIN.100อัน),139.00,อัน
ZST.5000.BZR,รางติดข้างตู้ยาว 50ซม ด้านขวา ใช้กับตัวกันโครง                                                        (MIN.100อัน),139.00,อัน
ZST.2000W,ราวกันโครงใช้กับตัวกันโคลง ยาว 2เมตร(ตัดได้)                                                         (MIN.500เส้น),250.00,เส้น
20F2201,"อุปกรณ์บานยกหน้าบาน [ดำ Power Factor = 960 - 2800 ใช้ 1 อัน , 2600 - 5700 ใช้ 2 อัน]",990.00,อัน
20F2501,อุปกรณ์บานยกหน้าบาน [ดำ Power Factor = 5350 - 10600 ใช้ 2 อัน],"1,090.00",อัน
20F2801,"อุปกรณ์บานยกหน้าบาน [ดำ Power Factor = 9000 - 18000 ใช้ 2 อัน , 13500 - 27000 ใช้ 3 อัน]","1,190.00",อัน
20F8001L,ฝาครอบสีเทาด้านซ้าย,79.00,อัน
20F8001R,ฝาครอบสีเทาด้านขวา,79.00,อัน
20F9001,ฝาปิดกลมสีเทา,10.00,อัน
20F3501,แขนยกหน้าบานใช้กับตู้สูง 56-71ซม,529.00,อัน
20F3801,แขนยกหน้าบานใช้กับตู้สูง 70-79ซม,639.00,อัน
20F3901,แขนยกหน้าบานใช้กับตู้สูง 76ซม.-1.04ซม,729.00,อัน
70T558E,"บานพับขอบรุ่น CLIP top ไม่มีสปริงใช้กับหน้าบานไม้,อลูฯ เฟรมใหญ่ เปิด 120องศา (บานบน)",65.00,อัน
78Z553ET,"บานพับตรงกลางรุ่น CLIP top ไม่มีสปริงใช้กับหน้าบานไม้,อลูฯ เฟรมใหญ่ เปิด 120องศา (บานล่าง)",129.00,อัน
72T550A.TL,"บานพับขอบรุ่น CLIP top ไม่มีสปริงใช้กับหน้าบานไม้,อลูฯ เฟรมใหญ่ เปิด 120องศา (บานบน)",89.00,อัน
78Z550AT,"บานพับตรงกลางรุ่น CLIP top ไม่มีสปริงใช้กับหน้าบานไม้,อลูฯ เฟรมใหญ่ เปิด 120องศา (บานล่าง)",129.00,อัน
177H5100,ตัวหนุนขาบานพับขาตรงมีปุ๊กและสกูร สามารถปรับได้ ขนาด 0มม.,31.00,อัน
175H5A00,ตัวหนุนขาบานพับใช้กับบานพับตรงกลาง,136.00,อัน
175H5B00L,ตัวยึดแขนยกหน้าบานด้านซ้าย ใช้กับบานอลูฯ เฟรมเล็ก,136.00,อัน
175H5B00R,ตัวยึดแขนยกหน้าบานด้านขวา ใช้กับบานอลูฯ เฟรมเล็ก,136.00,อัน
606.08,สกูรยึดขาบานพับรุ่นขาตรง (รู Ø 3.50มม ยาว 8.00มม,1.25,อัน
20S2B01,อุปกรณ์ยกหน้าบาน ใช้กับตู้สูง 35.00-52.50ซม น้ำหนักบาน 3.52-9.50กก,"1,069.00",อัน
20S2E01,อุปกรณ์ยกหน้าบาน ใช้กับตู้สูง 52.60-67.50ซม น้ำหนักบาน 5.00-13.00กก,"1,179.00",อัน
20S2H01,อุปกรณ์ยกหน้าบาน ใช้กับตู้สูง 67.60-80.00ซม น้ำหนักบาน 6.00-13.50กก,"1,179.00",อัน
20S8001L,ฝาครอบ สีเทา ด้านซ้าย,79.00,อัน
20S8001R,ฝาครอบ สีเทา ด้านขวา,79.00,อัน
20F9001,ฝาปิดแบบกลม สีเทา,10.00,อัน
20S3501L,แขนยกหน้าบานด้านซ้าย,739.00,อัน
20S3501R,แขนยกหน้าบานด้านขวา,739.00,อัน
20S4201,ตัวยึดหน้าบาน ใช้กับหน้าบานไม้ และเฟรม อลูมิเนียมเฟรมใหญ่,60.00,อัน
20S4201A,ตัวยึดหน้าบาน ใช้กับหน้าบานเฟรมอลูมิเนียมเฟรมเล็ก,290.00,อัน
20Q442M,"อุปกรณ์กันบานโคลง (พร้อมราวกันโคลง,ฝาครอบ และ ตัวยึดราวกันโคลง) ใช้กับตู้กว้าง 60ซม",280.00,ชุด
20Q542M,"อุปกรณ์กันบานโคลง (พร้อมราวกันโคลง,ฝาครอบ และ ตัวยึดราวกันโคลง) ใช้กับตู้กว้าง 70ซม",310.00,ชุด
20Q642M,"อุปกรณ์กันบานโคลง (พร้อมราวกันโคลง,ฝาครอบ และ ตัวยึดราวกันโคลง) ใช้กับตู้กว้าง 80ซม",340.00,ชุด
20Q742M,"อุปกรณ์กันบานโคลง (พร้อมราวกันโคลง,ฝาครอบ และ ตัวยึดราวกันโคลง) ใช้กับตู้กว้าง 90ซม",360.00,ชุด
20Q842M,"อุปกรณ์กันบานโคลง (พร้อมราวกันโคลง,ฝาครอบ และ ตัวยึดราวกันโคลง) ใช้กับตู้กว้าง 1.00เมตร",390.00,ชุด
20Q1042M,"อุปกรณ์กันบานโคลง (พร้อมราวกันโคลง,ฝาครอบ และ ตัวยึดราวกันโคลง) ใช้กับตู้กว้าง 1.20เมตร",440.00,ชุด
20Q0002,ตัวยึดราวกันโคลง,55.00,อัน
20Q0003,ฝาครอบราวกันโคลง สีเทา,7.00,อัน
20Q1061U,ราวกันโคลง ยาว 1061มม สามารถตัดได้,330.00,เส้น
20L2501,อุปกรณ์ยกหน้าบาน,"1,249.00",อัน
20L2701,อุปกรณ์ยกหน้าบาน,"1,249.00",อัน
20L8001L,ฝาครอบ สีเทา ด้านซ้าย,79.00,อัน
20L80014R,ฝาครอบ สีเทา ด้านขวา,79.00,อัน
20F9001,ฝากลมปิด สีเทา,10.00,อัน
20L3501L,แขนยกหน้าบานใช้กับตู้สูง 35-40ซม ด้านซ้าย,769.00,อัน
20L3501R,แขนยกหน้าบานใช้กับตู้สูง 35-40ซม ด้านขวา,769.00,อัน
20L3801L,แขนยกหน้าบานใช้กับตู้สูง 40-55ซม ด้านซ้าย,809.00,อัน
20L3801R,แขนยกหน้าบานใช้กับตู้สูง 40-55ซม ด้านขวา,809.00,อัน
20L3901L,แขนยกหน้าบานใช้กับตู้สูง 45-58ซม ด้านซ้าย,899.00,อัน
20L3901R,แขนยกหน้าบานใช้กับตู้สูง 45-58ซม ด้านขวา,899.00,อัน
20S4201,ตัวยึดหน้าบาน ใช้กับหน้าบานไม้ และเฟรม อลูมิเนียมเฟรมใหญ่,60.00,อัน
20S4201A,ตัวยึดหน้าบาน ใช้กับหน้าบานเฟรมอลูมิเนียมเฟรมเล็ก,290.00,อัน
20Q442MA,"อุปกรณ์กันบานโคลง (พร้อมราวกันโคลง,ฝาครอบ และ ตัวยึดราวกันโคลง) ใช้กับตู้กว้าง 60ซม",409.00,ชุด
20Q542MA,"อุปกรณ์กันบานโคลง (พร้อมราวกันโคลง,ฝาครอบ และ ตัวยึดราวกันโคลง) ใช้กับตู้กว้าง 70ซม",459.00,ชุด
20Q642MA,"อุปกรณ์กันบานโคลง (พร้อมราวกันโคลง,ฝาครอบ และ ตัวยึดราวกันโคลง) ใช้กับตู้กว้าง 80ซม",509.00,ชุด
20Q742MA,"อุปกรณ์กันบานโคลง (พร้อมราวกันโคลง,ฝาครอบ และ ตัวยึดราวกันโคลง) ใช้กับตู้กว้าง 90ซม",559.00,ชุด
20Q842MA,"อุปกรณ์กันบานโคลง (พร้อมราวกันโคลง,ฝาครอบ และ ตัวยึดราวกันโคลง) ใช้กับตู้กว้าง 1.00เมตร",609.00,ชุด
20Q1042MA,"อุปกรณ์กันบานโคลง (พร้อมราวกันโคลง,ฝาครอบ และ ตัวยึดราวกันโคลง) ใช้กับตู้กว้าง 1.20เมตร",709.00,ชุด
20Q1061UA,ราวกันโคลง ยาว 1061มม สามารถตัดได้,549.00,เส้น
20Q0002A,ตัวยึดราวกันโคลง,79.00,อัน
20Q0003A,ฝาครอบราวกันโคลง สีเทา,19.00,อัน
             35-40ซม,                                  20L3501                                                                          4.25-9.00กก,8.00-14.75กก,
             45-58ซม,                                  20L3901                                                                          2.00-5.25กก,4.25-9.25กก,
20K2501,อุปกรณ์ยกหน้าบาน [ค่าPower Factor = 750-25000],869.00,อัน
20K2701,อุปกรณ์ยกหน้าบาน [ค่าPower Factor = 15000-4900],919.00,อัน
20K2901,อุปกรณ์ยกหน้าบาน [ค่าPower Factor = 3200-9000],"1,459.00",อัน
20K8001L,ฝาครอบ สีเทา ด้านซ้าย,89.00,อัน
20K8001R,ฝาครอบ สีเทา ด้านขวา,89.00,อัน
20K9001,ฝาปิดวงรี สีเทา,19.00,อัน
20S4201,ตัวยึดหน้าบาน ใช้กับหน้าบานไม้ และเฟรม อลูมิเนียมเฟรมใหญ่,60.00,อัน
20S4201A,ตัวยึดหน้าบาน ใช้กับหน้าบานเฟรมอลูมิเนียมเฟรมเล็ก,290.00,อัน
740.749.0,หัวไขควงแบบแฉกใช้ปรับ AVENTOS,179.00,อัน
30.400.MR,"แผ่นอลูมิเนียมปิดใต้ตู้ สูง 10ซม (ยาวเส้นละ 4เมตร ราคาเส้นละ 2,340/เส้น)",585.00,ม.
19.10.AL,ตัวต่อมุม 90องศา สูง 10ซม ทำด้วยอลูมิเนียม ใช้กับแผ่นอลูมิเนียมปิดใต้ตู้,49.50,อัน
19.20.AL,ตัวต่อมุม 180องศา สูง 10ซม ทำด้วยอลูมิเนียม ใช้กับแผ่นอลูมิเนียมปิดใต้ตู้,49.50,อัน
21.0950.AL,ตัวต่อมุมแบบปรับองศาได้ สูง 10ซม ทำด้วยอลูมิเนียม ใช้กับแผ่นอลูมิเนียมปิดใต้ตู้,70.00,อัน
21.0955.AL,ตัวต่อมุมแบบปรับองศาได้ สูง 15ซม ทำด้วยอลูมิเนียม ใช้กับแผ่นอลูมิเนียมปิดใต้ตู้,91.50,อัน
02.A100,ขาตู้ทำด้วยพีวีซีดำปรับได้ สูง 10ซม,19.00,อัน
6.151,คลิปล็อกขาตู้ทำด้วยพีวีซีสีดำ,5.50,อัน
R1.480G.30,"ยางรองพื้นลิ้นชักสีเทา กว้าง 48ซม หนา 1.20มม. (ยาวม้วนละ 30ม. ราคาม้วนละ 15,270/ม้วน)",509.00,ม.
77.7643.80,ถาดอลูมิเนียมรองได้ซิ้งค์ ขนาด (กว้างxลึก) 767x528มม (ใช้กับตู้กว้าง 80ซม),560.00,อัน
77.8689.90,ถาดอลูมิเนียมรองได้ซิ้งค์ ขนาด (กว้างxลึก) 867x528มม (ใช้กับตู้กว้าง 90ซม),620.00,อัน
77.7644.10,ถาดอลูมิเนียมรองได้ซิ้งค์ ขนาด (กว้างxลึก) 967x528มม (ใช้กับตู้กว้าง 1.00ม),670.00,อัน
77.8688.60,ถาดอลูมิเนียมรองได้ซิ้งค์ ขนาด (กว้างxลึก) 567x528มม (ใช้กับตู้กว้าง 60ซม),460.00,อัน
77.8688.70,ถาดอลูมิเนียมรองได้ซิ้งค์ ขนาด (กว้างxลึก) 667x528มม (ใช้กับตู้กว้าง 70ซม),510.00,อัน
77.7648.12,ถาดอลูมิเนียมรองได้ซิ้งค์ ขนาด (กว้างxลึก) 1167x528มม (ใช้กับตู้กว้าง 1.20ม),790.00,อัน
77.8044.80,ถาดอลูมิเนียมรองได้ซิ้งค์ ขนาด (กว้างxลึก) 765x565มม (ใช้กับตู้กว้าง 80ซม),560.00,อัน
77.8045.10,ถาดอลูมิเนียมรองได้ซิ้งค์ ขนาด (กว้างxลึก) 965x565มม (ใช้กับตู้กว้าง 1.00ม),670.00,อัน
NECT33C,"ชุดตระแกรงเข้ามุมสีโครเมี่ยม ""Easy Conner"" ใช้กับตู้เข้ามุม ""L"" กว้าง 90ซม. (หน้าบานตู้ 45ซม)","20,160.00",ชุด
*VRVR4402564,"อุปกรณ์ยกหน้าบานตรงรุ่น ""VELA440"" นน.ของหน้าบาน 3.50-5.50กก.","8,960.00",ชุด
*VRVR4403064,"อุปกรณ์ยกหน้าบานตรงรุ่น ""VELA440"" นน.ของหน้าบาน 4.50-6.50กก.","8,960.00",ชุด
*VRVR4403564,"อุปกรณ์ยกหน้าบานตรงรุ่น ""VELA440"" นน.ของหน้าบาน 5.50-8.00กก.","8,960.00",ชุด
*VR0R5403064,"อุปกรณ์ยกหน้าบานตรงรุ่น ""VELA540"" นน.ของหน้าบาน 5.50-8.00กก.","8,960.00",ชุด
*VRXVT000064,อุปกรณ์ยกหน้าบานซ้าย/ขวา พร้อมสกูร ใช้กับเฟรมอลูมิเนียมเฟรมเล็ก,295.00,ชุด
*VEBB2400090,ราวยาว 2.35ม,"1,025.00",เส้น
*VEXXXRIC064,อุปกรณ์ยึดราวพร้อมสกรู ด้านซ้าย/ขวา ,350.00,ชุด
*VEKITBARE64,ตัวครอบราวพร้อมสกูร ด้านซ้าย/ขวา,169.00,ชุด
*VEKITTAPP00,ชุดสกูร,45.00,ชุด
PEXXX450064,"อุปกรณ์บานเปิดเลื่อนรุ่น ""PEGASO"" รับนน. 20กก ใช้กับตู้กว้าง 45ซม","7,500.00",ชุด
PEXXX600064,"อุปกรณ์บานเปิดเลื่อนรุ่น ""PEGASO"" รับนน. 20กก ใช้กับตู้กว้าง 60ซม",95...00,ชุด
PEXXX620064,"อุปกรณ์บานเปิดเลื่อนรุ่น ""PEGASO"" รับนน. 20กก ใช้กับตู้กว้าง 62ซม","9,800.00",ชุด
PEBA2576090,ราวยาว 2.50ม,"1,850.00",เส้น
PEKITSNDX64,ตัวยึดราวกับหน้าบาน ป้องกันบานโคลง,819.00,อัน
S3100012543/A,อุปกรณ์บานเลื่อนพร้อมรางในตัวหน้าบานปิดเรียบเสมอกัน ตู้กว้าง 3.00ม 3หน้าบาน (รางยาว 2948มม),"57,500",ชุด
S2100012543/A,อุปกรณ์บานเลื่อนพร้อมรางในตัวหน้าบานปิดเรียบเสมอกัน ตู้กว้าง 2.00ม 2หน้าบาน (รางยาว 1957มม),"38,300",ชุด
S2060012543/A,อุปกรณ์บานเลื่อนพร้อมรางในตัวหน้าบานปิดเรียบเสมอกัน ตู้กว้าง 1.20ม 2หน้าบาน (รางยาว 1150มม),"34,000",ชุด
