MAX,CREAM
MAX, BEIGE
MAX, ORANGE
MAX, BROWN
MAX,GREY
  EXTRA,DUST
  EXTRA, YELLOW
  EXTRA,TEAL
  EXTRA,GREY
DOT COM,CREAM
DOT COM, ORANGE
DOT COM,GREY
DOT COM,BROWN
DOT COM,  NAVY
CITY LIGHT,RED
CITY LIGHT,GOLD
CITY LIGHT,BROWN
LANZA,PUBBLE
LANZA, STRAW
LANZA,MINK
BAHAMA,GREEN
BAHAMA,SAND
BAHAMA, RED
LAGUNA,SAND
LAGUNA,STONE
MASTER, ORANGE
MASTER, GREEN
MASTER,BROWN
ERA,RED
ERA,BEIGE
LUXOR,FLAGSTONE
LUXOR, TANGIER
LUXOR,NEWEDEN
LUXOR, SANDSTONE
ALICIA, MIDNIGHT
DATONA,SAND
DATONA,STONE
PANDORA,MAIZE
PANDORA,CELERY
PANDORA, WALNUT
MIAMI,SAND
PRINCETON, CHESTNUT
PRINCETON, TOMATO
PRINCETON,SAGE
PRINCETON, TEAK
SIERRA, SNOW
SIERRA, FERN
SIERRA,SKY
SIERRA,ORANGE
ETIOPIA, BEIGE
ETIOPIA,  ORANGE
ETIOPIA,BLUE
ETIOPIA,YELLOW
SONOMA,  LATTE
SONOMA,MOCHA
AZALEA,HAZEL
  MICA, ALMOND
BAZAAR, MOONDUST
COSMO,  PEWTER
RIVERA,CHESTNUT
RIVERA,OCEAN
 FLORENCE,ONYX
LIDO, ONYX
PRATO,  ONYX
   SAVANNAH,SAND
SAUSALITO,SURF
SAUSALITO,  LEMONGRASS
SAUSALITO,  BEACH
  IPANEMA,MORENO
  IPANEMA,  MOJITO
 MAMBO,GRIS
 MAMBO,CALIDO
 SAO PAOLO,CARNIVAL
 SAO PAOLO,MARDI GRAS
CARMEN,GRIS
CARMEN, NOTURNA
MAMBA,NUTMEG
ASPAN,BLACK
DAHLIA,BLACK
SONIA,GREEN TEA
SONIA,COTTON
MAMBA, CAYENNE
DESSERT,BEIGE
MAXWELL, LAVA
MAXWELL,WHITE
BATISTA, AZUL
BATISTA, CILANTRO
  CUBE, RUM RAISIN
COPACABANA,  SURF
 LOMBARD, SPRING
HAMPTON,SAND DOLLAR
HAMPTON,BLACK SAND
OPEN BASKET, CORNELL BROWN
TWIST,PORTABELLO
TWIST,STORM
TETRA,FLINT
ROCKEFELLER,CINDERBLOCK
CHARLESTON, RHYTHM
VENICE,PUMICE
VENICE,BEACH
VENICE,  SLATE
HOLMES,CINDER
HOLMES,  EGGPLANT
HOLMES,ORCHID
HOLMES,PATIENCE
 DAVIS,ASHTON
 CARAVAN,BROWNSTONE
  MUSE,CHIFFON
  MUSE,SHADOW
  MUSE, HEATHERED
  MUSE,TWEED
JAZZY,ELETRIC
 MOORE,BEACH
 MOORE,GRANITE
ODYSSEY, MOONRISE
FULLERTON, PEPPER
  PACIFICA,THUNDER
KEIRA,PORTMAN
KEIRA,   TRUFFLE
KEIRA, COURTYARD
OXFORD,PECAN
OXFORD,ALMOND
OXFORD,  MIST
CADENCE, RINGTONE
HARLOW,BIRCH
PRONTO,FOSSIL
PRONTO,BLUE JAY
ROLLAND,STEEL
DOLMAN,DUNE
DOLMAN,ASHWOOD